Hello!	Meooow!
Say in cat: Hello!	Meooow!
Translate to cat: Hello!	Meooow!
Meooow!	Hello!
What does "Meooow!" mean?	Hello!
Translate to English: Meooow!	Hello!
Hi!	Mew-oow!
Say in cat: Hi!	Mew-oow!
Translate to cat: Hi!	Mew-oow!
Mew-oow!	Hi!
What does "Mew-oow!" mean?	Hi!
Translate to English: Mew-oow!	Hi!
Good morning!	Meooow sun-purr!
Say in cat: Good morning!	Meooow sun-purr!
Translate to cat: Good morning!	Meooow sun-purr!
Meooow sun-purr!	Good morning!
What does "Meooow sun-purr!" mean?	Good morning!
Translate to English: Meooow sun-purr!	Good morning!
Good night!	Meooow moon-nap!
Say in cat: Good night!	Meooow moon-nap!
Translate to cat: Good night!	Meooow moon-nap!
Meooow moon-nap!	Good night!
What does "Meooow moon-nap!" mean?	Good night!
Translate to English: Meooow moon-nap!	Good night!
Goodbye!	Mew-naro!
Say in cat: Goodbye!	Mew-naro!
Translate to cat: Goodbye!	Mew-naro!
Mew-naro!	Goodbye!
What does "Mew-naro!" mean?	Goodbye!
Translate to English: Mew-naro!	Goodbye!
Yes.	Purr.
Say in cat: Yes.	Purr.
Translate to cat: Yes.	Purr.
Purr.	Yes.
What does "Purr." mean?	Yes.
Translate to English: Purr.	Yes.
No.	Hiss.
Say in cat: No.	Hiss.
Translate to cat: No.	Hiss.
Hiss.	No.
What does "Hiss." mean?	No.
Translate to English: Hiss.	No.
Please.	Mrr-please.
Say in cat: Please.	Mrr-please.
Translate to cat: Please.	Mrr-please.
Mrr-please.	Please.
What does "Mrr-please." mean?	Please.
Translate to English: Mrr-please.	Please.
Thank you.	Purr-thanks.
Say in cat: Thank you.	Purr-thanks.
Translate to cat: Thank you.	Purr-thanks.
Purr-thanks.	Thank you.
What does "Purr-thanks." mean?	Thank you.
Translate to English: Purr-thanks.	Thank you.
You are welcome.	Mew-welcome.
Say in cat: You are welcome.	Mew-welcome.
Translate to cat: You are welcome.	Mew-welcome.
Mew-welcome.	You are welcome.
What does "Mew-welcome." mean?	You are welcome.
Translate to English: Mew-welcome.	You are welcome.
I love you.	Meow heart-purr.
Say in cat: I love you.	Meow heart-purr.
Translate to cat: I love you.	Meow heart-purr.
Meow heart-purr.	I love you.
What does "Meow heart-purr." mean?	I love you.
Translate to English: Meow heart-purr.	I love you.
I am a cat.	Meow mau.
Say in cat: I am a cat.	Meow mau.
Translate to cat: I am a cat.	Meow mau.
Meow mau.	I am a cat.
What does "Meow mau." mean?	I am a cat.
Translate to English: Meow mau.	I am a cat.
You are a cat.	Mew mau.
Say in cat: You are a cat.	Mew mau.
Translate to cat: You are a cat.	Mew mau.
Mew mau.	You are a cat.
What does "Mew mau." mean?	You are a cat.
Translate to English: Mew mau.	You are a cat.
We are cats.	Meowmew maumau.
Say in cat: We are cats.	Meowmew maumau.
Translate to cat: We are cats.	Meowmew maumau.
Meowmew maumau.	We are cats.
What does "Meowmew maumau." mean?	We are cats.
Translate to English: Meowmew maumau.	We are cats.
My name is Vanus.	Meow name Vanus.
Say in cat: My name is Vanus.	Meow name Vanus.
Translate to cat: My name is Vanus.	Meow name Vanus.
Meow name Vanus.	My name is Vanus.
What does "Meow name Vanus." mean?	My name is Vanus.
Translate to English: Meow name Vanus.	My name is Vanus.
What is your name?	Mew name?
Say in cat: What is your name?	Mew name?
Translate to cat: What is your name?	Mew name?
Mew name?	What is your name?
What does "Mew name?" mean?	What is your name?
Translate to English: Mew name?	What is your name?
Who are you?	Mew who?
Say in cat: Who are you?	Mew who?
Translate to cat: Who are you?	Mew who?
Mew who?	Who are you?
What does "Mew who?" mean?	Who are you?
Translate to English: Mew who?	Who are you?
I understand.	Meow know-purr.
Say in cat: I understand.	Meow know-purr.
Translate to cat: I understand.	Meow know-purr.
Meow know-purr.	I understand.
What does "Meow know-purr." mean?	I understand.
Translate to English: Meow know-purr.	I understand.
I do not understand.	Meow no-know.
Say in cat: I do not understand.	Meow no-know.
Translate to cat: I do not understand.	Meow no-know.
Meow no-know.	I do not understand.
What does "Meow no-know." mean?	I do not understand.
Translate to English: Meow no-know.	I do not understand.
Come here.	Mew come-mrrp.
Say in cat: Come here.	Mew come-mrrp.
Translate to cat: Come here.	Mew come-mrrp.
Mew come-mrrp.	Come here.
What does "Mew come-mrrp." mean?	Come here.
Translate to English: Mew come-mrrp.	Come here.
Go away.	Mew go-hiss.
Say in cat: Go away.	Mew go-hiss.
Translate to cat: Go away.	Mew go-hiss.
Mew go-hiss.	Go away.
What does "Mew go-hiss." mean?	Go away.
Translate to English: Mew go-hiss.	Go away.
Help me.	Mew help-meow.
Say in cat: Help me.	Mew help-meow.
Translate to cat: Help me.	Mew help-meow.
Mew help-meow.	Help me.
What does "Mew help-meow." mean?	Help me.
Translate to English: Mew help-meow.	Help me.
Look at me.	Mew look-meow.
Say in cat: Look at me.	Mew look-meow.
Translate to cat: Look at me.	Mew look-meow.
Mew look-meow.	Look at me.
What does "Mew look-meow." mean?	Look at me.
Translate to English: Mew look-meow.	Look at me.
Listen to me.	Mew hear-meow.
Say in cat: Listen to me.	Mew hear-meow.
Translate to cat: Listen to me.	Mew hear-meow.
Mew hear-meow.	Listen to me.
What does "Mew hear-meow." mean?	Listen to me.
Translate to English: Mew hear-meow.	Listen to me.
I am very excited!	Meoow Moewwww!
Say in cat: I am very excited!	Meoow Moewwww!
Translate to cat: I am very excited!	Meoow Moewwww!
Meoow Moewwww!	I am very excited!
What does "Meoow Moewwww!" mean?	I am very excited!
Translate to English: Meoow Moewwww!	I am very excited!
Hello	Meooow!
Hi	Mew-oow!
Meooow	Hello!
Mew-oow	Hi!
Hi Meooow	Meooow! Purr purr.
Meoow Moewwww	Hello! I am very excited.
Meooow Meooow	Hello, cat friend!
Purr purr	I am happy.
Hiss hiss	I am angry. Please give me space.
Mrrp?	What do you need?
Mew?	Yes?
Nom nom	I want food.
Lap lap	I want water.
Nyaaap	I want to sleep.
Chirp chirp	I see something interesting.
Trill meow	Let us play!
I am sad.	Meow mrrp.
Say in cat: I am sad.	Meow mrrp.
Translate to cat: I am sad.	Meow mrrp.
Meow mrrp.	I am sad.
What does "Meow mrrp." mean?	I am sad.
Translate to English: Meow mrrp.	I am sad.
I am hungry.	Meow nomnom.
Say in cat: I am hungry.	Meow nomnom.
Translate to cat: I am hungry.	Meow nomnom.
Meow nomnom.	I am hungry.
What does "Meow nomnom." mean?	I am hungry.
Translate to English: Meow nomnom.	I am hungry.
I am thirsty.	Meow laplap.
Say in cat: I am thirsty.	Meow laplap.
Translate to cat: I am thirsty.	Meow laplap.
Meow laplap.	I am thirsty.
What does "Meow laplap." mean?	I am thirsty.
Translate to English: Meow laplap.	I am thirsty.
I am sleepy.	Meow nyaaap.
Say in cat: I am sleepy.	Meow nyaaap.
Translate to cat: I am sleepy.	Meow nyaaap.
Meow nyaaap.	I am sleepy.
What does "Meow nyaaap." mean?	I am sleepy.
Translate to English: Meow nyaaap.	I am sleepy.
I am angry.	Meow hiss.
Say in cat: I am angry.	Meow hiss.
Translate to cat: I am angry.	Meow hiss.
Meow hiss.	I am angry.
What does "Meow hiss." mean?	I am angry.
Translate to English: Meow hiss.	I am angry.
I am curious.	Meow chirp.
Say in cat: I am curious.	Meow chirp.
Translate to cat: I am curious.	Meow chirp.
Meow chirp.	I am curious.
What does "Meow chirp." mean?	I am curious.
Translate to English: Meow chirp.	I am curious.
I am scared.	Meow eekmew.
Say in cat: I am scared.	Meow eekmew.
Translate to cat: I am scared.	Meow eekmew.
Meow eekmew.	I am scared.
What does "Meow eekmew." mean?	I am scared.
Translate to English: Meow eekmew.	I am scared.
I am comfortable.	Meow softpurr.
Say in cat: I am comfortable.	Meow softpurr.
Translate to cat: I am comfortable.	Meow softpurr.
Meow softpurr.	I am comfortable.
What does "Meow softpurr." mean?	I am comfortable.
Translate to English: Meow softpurr.	I am comfortable.
You are happy.	Mew purr.
Say in cat: You are happy.	Mew purr.
Translate to cat: You are happy.	Mew purr.
Mew purr.	You are happy.
What does "Mew purr." mean?	You are happy.
Translate to English: Mew purr.	You are happy.
You are sad.	Mew mrrp.
Say in cat: You are sad.	Mew mrrp.
Translate to cat: You are sad.	Mew mrrp.
Mew mrrp.	You are sad.
What does "Mew mrrp." mean?	You are sad.
Translate to English: Mew mrrp.	You are sad.
You are hungry.	Mew nomnom.
Say in cat: You are hungry.	Mew nomnom.
Translate to cat: You are hungry.	Mew nomnom.
Mew nomnom.	You are hungry.
What does "Mew nomnom." mean?	You are hungry.
Translate to English: Mew nomnom.	You are hungry.
You are thirsty.	Mew laplap.
Say in cat: You are thirsty.	Mew laplap.
Translate to cat: You are thirsty.	Mew laplap.
Mew laplap.	You are thirsty.
What does "Mew laplap." mean?	You are thirsty.
Translate to English: Mew laplap.	You are thirsty.
You are angry.	Mew hiss.
Say in cat: You are angry.	Mew hiss.
Translate to cat: You are angry.	Mew hiss.
Mew hiss.	You are angry.
What does "Mew hiss." mean?	You are angry.
Translate to English: Mew hiss.	You are angry.
You are curious.	Mew chirp.
Say in cat: You are curious.	Mew chirp.
Mew chirp.	You are curious.
What does "Mew chirp." mean?	You are curious.
Translate to English: Mew chirp.	You are curious.
You are playful.	Mew trill.
Say in cat: You are playful.	Mew trill.
Translate to cat: You are playful.	Mew trill.
Mew trill.	You are playful.
What does "Mew trill." mean?	You are playful.
Translate to English: Mew trill.	You are playful.
You are scared.	Mew eekmew.
Say in cat: You are scared.	Mew eekmew.
Translate to cat: You are scared.	Mew eekmew.
Mew eekmew.	You are scared.
What does "Mew eekmew." mean?	You are scared.
Translate to English: Mew eekmew.	You are scared.
You are comfortable.	Mew softpurr.
Say in cat: You are comfortable.	Mew softpurr.
Translate to cat: You are comfortable.	Mew softpurr.
Mew softpurr.	You are comfortable.
What does "Mew softpurr." mean?	You are comfortable.
Translate to English: Mew softpurr.	You are comfortable.
The cat is happy.	Mau purr.
Say in cat: The cat is happy.	Mau purr.
Translate to cat: The cat is happy.	Mau purr.
Mau purr.	The cat is happy.
What does "Mau purr." mean?	The cat is happy.
Translate to English: Mau purr.	The cat is happy.
The cat is hungry.	Mau nomnom.
Say in cat: The cat is hungry.	Mau nomnom.
Translate to cat: The cat is hungry.	Mau nomnom.
Mau nomnom.	The cat is hungry.
What does "Mau nomnom." mean?	The cat is hungry.
Translate to English: Mau nomnom.	The cat is hungry.
The cat is thirsty.	Mau laplap.
Say in cat: The cat is thirsty.	Mau laplap.
Translate to cat: The cat is thirsty.	Mau laplap.
Mau laplap.	The cat is thirsty.
What does "Mau laplap." mean?	The cat is thirsty.
Translate to English: Mau laplap.	The cat is thirsty.
The cat is sleepy.	Mau nyaaap.
Say in cat: The cat is sleepy.	Mau nyaaap.
Translate to cat: The cat is sleepy.	Mau nyaaap.
Mau nyaaap.	The cat is sleepy.
What does "Mau nyaaap." mean?	The cat is sleepy.
Translate to English: Mau nyaaap.	The cat is sleepy.
The cat is angry.	Mau hiss.
Say in cat: The cat is angry.	Mau hiss.
Translate to cat: The cat is angry.	Mau hiss.
Mau hiss.	The cat is angry.
What does "Mau hiss." mean?	The cat is angry.
Translate to English: Mau hiss.	The cat is angry.
The cat is curious.	Mau chirp.
Say in cat: The cat is curious.	Mau chirp.
Translate to cat: The cat is curious.	Mau chirp.
Mau chirp.	The cat is curious.
What does "Mau chirp." mean?	The cat is curious.
Translate to English: Mau chirp.	The cat is curious.
The cat is playful.	Mau trill.
Say in cat: The cat is playful.	Mau trill.
Translate to cat: The cat is playful.	Mau trill.
Mau trill.	The cat is playful.
What does "Mau trill." mean?	The cat is playful.
Translate to English: Mau trill.	The cat is playful.
The cat is comfortable.	Mau softpurr.
Say in cat: The cat is comfortable.	Mau softpurr.
Translate to cat: The cat is comfortable.	Mau softpurr.
Mau softpurr.	The cat is comfortable.
What does "Mau softpurr." mean?	The cat is comfortable.
Translate to English: Mau softpurr.	The cat is comfortable.
The kitten is happy.	Mewmau purr.
Say in cat: The kitten is happy.	Mewmau purr.
Translate to cat: The kitten is happy.	Mewmau purr.
Mewmau purr.	The kitten is happy.
What does "Mewmau purr." mean?	The kitten is happy.
Translate to English: Mewmau purr.	The kitten is happy.
The kitten is sad.	Mewmau mrrp.
Say in cat: The kitten is sad.	Mewmau mrrp.
Translate to cat: The kitten is sad.	Mewmau mrrp.
Mewmau mrrp.	The kitten is sad.
What does "Mewmau mrrp." mean?	The kitten is sad.
Translate to English: Mewmau mrrp.	The kitten is sad.
The kitten is hungry.	Mewmau nomnom.
Say in cat: The kitten is hungry.	Mewmau nomnom.
Translate to cat: The kitten is hungry.	Mewmau nomnom.
Mewmau nomnom.	The kitten is hungry.
What does "Mewmau nomnom." mean?	The kitten is hungry.
Translate to English: Mewmau nomnom.	The kitten is hungry.
The kitten is thirsty.	Mewmau laplap.
Say in cat: The kitten is thirsty.	Mewmau laplap.
Translate to cat: The kitten is thirsty.	Mewmau laplap.
Mewmau laplap.	The kitten is thirsty.
What does "Mewmau laplap." mean?	The kitten is thirsty.
Translate to English: Mewmau laplap.	The kitten is thirsty.
The kitten is sleepy.	Mewmau nyaaap.
Say in cat: The kitten is sleepy.	Mewmau nyaaap.
Translate to cat: The kitten is sleepy.	Mewmau nyaaap.
Mewmau nyaaap.	The kitten is sleepy.
What does "Mewmau nyaaap." mean?	The kitten is sleepy.
Translate to English: Mewmau nyaaap.	The kitten is sleepy.
The kitten is curious.	Mewmau chirp.
Say in cat: The kitten is curious.	Mewmau chirp.
Translate to cat: The kitten is curious.	Mewmau chirp.
Mewmau chirp.	The kitten is curious.
What does "Mewmau chirp." mean?	The kitten is curious.
Translate to English: Mewmau chirp.	The kitten is curious.
Say in cat: The kitten is playful.	Mewmau trill.
Translate to cat: The kitten is playful.	Mewmau trill.
Mewmau trill.	The kitten is playful.
What does "Mewmau trill." mean?	The kitten is playful.
Translate to English: Mewmau trill.	The kitten is playful.
The kitten is scared.	Mewmau eekmew.
Say in cat: The kitten is scared.	Mewmau eekmew.
Translate to cat: The kitten is scared.	Mewmau eekmew.
Mewmau eekmew.	The kitten is scared.
What does "Mewmau eekmew." mean?	The kitten is scared.
Translate to English: Mewmau eekmew.	The kitten is scared.
The kitten is comfortable.	Mewmau softpurr.
Say in cat: The kitten is comfortable.	Mewmau softpurr.
Translate to cat: The kitten is comfortable.	Mewmau softpurr.
Mewmau softpurr.	The kitten is comfortable.
What does "Mewmau softpurr." mean?	The kitten is comfortable.
Translate to English: Mewmau softpurr.	The kitten is comfortable.
We are happy.	Meowmew purr.
Say in cat: We are happy.	Meowmew purr.
Translate to cat: We are happy.	Meowmew purr.
Meowmew purr.	We are happy.
What does "Meowmew purr." mean?	We are happy.
Translate to English: Meowmew purr.	We are happy.
We are sad.	Meowmew mrrp.
Say in cat: We are sad.	Meowmew mrrp.
Translate to cat: We are sad.	Meowmew mrrp.
Meowmew mrrp.	We are sad.
What does "Meowmew mrrp." mean?	We are sad.
Translate to English: Meowmew mrrp.	We are sad.
We are thirsty.	Meowmew laplap.
Say in cat: We are thirsty.	Meowmew laplap.
Translate to cat: We are thirsty.	Meowmew laplap.
Meowmew laplap.	We are thirsty.
What does "Meowmew laplap." mean?	We are thirsty.
Translate to English: Meowmew laplap.	We are thirsty.
Say in cat: We are sleepy.	Meowmew nyaaap.
Translate to cat: We are sleepy.	Meowmew nyaaap.
Meowmew nyaaap.	We are sleepy.
What does "Meowmew nyaaap." mean?	We are sleepy.
Translate to English: Meowmew nyaaap.	We are sleepy.
We are angry.	Meowmew hiss.
Say in cat: We are angry.	Meowmew hiss.
Translate to cat: We are angry.	Meowmew hiss.
Meowmew hiss.	We are angry.
What does "Meowmew hiss." mean?	We are angry.
Translate to English: Meowmew hiss.	We are angry.
We are curious.	Meowmew chirp.
Say in cat: We are curious.	Meowmew chirp.
Translate to cat: We are curious.	Meowmew chirp.
Meowmew chirp.	We are curious.
What does "Meowmew chirp." mean?	We are curious.
Translate to English: Meowmew chirp.	We are curious.
We are playful.	Meowmew trill.
Say in cat: We are playful.	Meowmew trill.
Translate to cat: We are playful.	Meowmew trill.
Meowmew trill.	We are playful.
What does "Meowmew trill." mean?	We are playful.
Translate to English: Meowmew trill.	We are playful.
We are scared.	Meowmew eekmew.
Say in cat: We are scared.	Meowmew eekmew.
Translate to cat: We are scared.	Meowmew eekmew.
Meowmew eekmew.	We are scared.
What does "Meowmew eekmew." mean?	We are scared.
Translate to English: Meowmew eekmew.	We are scared.
I want food.	Meow yowl nom.
Say in cat: I want food.	Meow yowl nom.
Translate to cat: I want food.	Meow yowl nom.
Meow yowl nom.	I want food.
What does "Meow yowl nom." mean?	I want food.
Translate to English: Meow yowl nom.	I want food.
I like food.	Meow purr-like nom.
Say in cat: I like food.	Meow purr-like nom.
Translate to cat: I like food.	Meow purr-like nom.
Meow purr-like nom.	I like food.
What does "Meow purr-like nom." mean?	I like food.
Translate to English: Meow purr-like nom.	I like food.
I want water.	Meow yowl lap.
Say in cat: I want water.	Meow yowl lap.
Translate to cat: I want water.	Meow yowl lap.
Meow yowl lap.	I want water.
What does "Meow yowl lap." mean?	I want water.
Translate to English: Meow yowl lap.	I want water.
I like water.	Meow purr-like lap.
Say in cat: I like water.	Meow purr-like lap.
Translate to cat: I like water.	Meow purr-like lap.
Meow purr-like lap.	I like water.
What does "Meow purr-like lap." mean?	I like water.
Translate to English: Meow purr-like lap.	I like water.
I want milk.	Meow yowl milkmew.
Say in cat: I want milk.	Meow yowl milkmew.
Translate to cat: I want milk.	Meow yowl milkmew.
Meow yowl milkmew.	I want milk.
What does "Meow yowl milkmew." mean?	I want milk.
Translate to English: Meow yowl milkmew.	I want milk.
I like milk.	Meow purr-like milkmew.
Say in cat: I like milk.	Meow purr-like milkmew.
Translate to cat: I like milk.	Meow purr-like milkmew.
Meow purr-like milkmew.	I like milk.
What does "Meow purr-like milkmew." mean?	I like milk.
Translate to English: Meow purr-like milkmew.	I like milk.
I like fish.	Meow purr-like fishnom.
Say in cat: I like fish.	Meow purr-like fishnom.
Translate to cat: I like fish.	Meow purr-like fishnom.
Meow purr-like fishnom.	I like fish.
What does "Meow purr-like fishnom." mean?	I like fish.
Translate to English: Meow purr-like fishnom.	I like fish.
I want a warm bed.	Meow yowl warmnap.
Say in cat: I want a warm bed.	Meow yowl warmnap.
Translate to cat: I want a warm bed.	Meow yowl warmnap.
Meow yowl warmnap.	I want a warm bed.
What does "Meow yowl warmnap." mean?	I want a warm bed.
Translate to English: Meow yowl warmnap.	I want a warm bed.
I like a warm bed.	Meow purr-like warmnap.
Say in cat: I like a warm bed.	Meow purr-like warmnap.
Translate to cat: I like a warm bed.	Meow purr-like warmnap.
Meow purr-like warmnap.	I like a warm bed.
What does "Meow purr-like warmnap." mean?	I like a warm bed.
Translate to English: Meow purr-like warmnap.	I like a warm bed.
I want a toy.	Meow yowl playmew.
Say in cat: I want a toy.	Meow yowl playmew.
Translate to cat: I want a toy.	Meow yowl playmew.
Meow yowl playmew.	I want a toy.
What does "Meow yowl playmew." mean?	I want a toy.
Translate to English: Meow yowl playmew.	I want a toy.
I like a toy.	Meow purr-like playmew.
Say in cat: I like a toy.	Meow purr-like playmew.
Translate to cat: I like a toy.	Meow purr-like playmew.
Meow purr-like playmew.	I like a toy.
What does "Meow purr-like playmew." mean?	I like a toy.
Translate to English: Meow purr-like playmew.	I like a toy.
I want a box.	Meow yowl boxmrrp.
Say in cat: I want a box.	Meow yowl boxmrrp.
Translate to cat: I want a box.	Meow yowl boxmrrp.
Meow yowl boxmrrp.	I want a box.
What does "Meow yowl boxmrrp." mean?	I want a box.
Translate to English: Meow yowl boxmrrp.	I want a box.
I want a sunny window.	Meow yowl sunwindow.
Say in cat: I want a sunny window.	Meow yowl sunwindow.
Translate to cat: I want a sunny window.	Meow yowl sunwindow.
Meow yowl sunwindow.	I want a sunny window.
What does "Meow yowl sunwindow." mean?	I want a sunny window.
Translate to English: Meow yowl sunwindow.	I want a sunny window.
I like a sunny window.	Meow purr-like sunwindow.
Say in cat: I like a sunny window.	Meow purr-like sunwindow.
Translate to cat: I like a sunny window.	Meow purr-like sunwindow.
Meow purr-like sunwindow.	I like a sunny window.
What does "Meow purr-like sunwindow." mean?	I like a sunny window.
Translate to English: Meow purr-like sunwindow.	I like a sunny window.
I want a blanket.	Meow yowl softblanket.
Say in cat: I want a blanket.	Meow yowl softblanket.
Translate to cat: I want a blanket.	Meow yowl softblanket.
Meow yowl softblanket.	I want a blanket.
What does "Meow yowl softblanket." mean?	I want a blanket.
Translate to English: Meow yowl softblanket.	I want a blanket.
I like a blanket.	Meow purr-like softblanket.
Say in cat: I like a blanket.	Meow purr-like softblanket.
Translate to cat: I like a blanket.	Meow purr-like softblanket.
Meow purr-like softblanket.	I like a blanket.
What does "Meow purr-like softblanket." mean?	I like a blanket.
Translate to English: Meow purr-like softblanket.	I like a blanket.
I want a friend.	Meow yowl friendpurr.
Say in cat: I want a friend.	Meow yowl friendpurr.
Translate to cat: I want a friend.	Meow yowl friendpurr.
Meow yowl friendpurr.	I want a friend.
What does "Meow yowl friendpurr." mean?	I want a friend.
Translate to English: Meow yowl friendpurr.	I want a friend.
I like a friend.	Meow purr-like friendpurr.
Say in cat: I like a friend.	Meow purr-like friendpurr.
Translate to cat: I like a friend.	Meow purr-like friendpurr.
Meow purr-like friendpurr.	I like a friend.
What does "Meow purr-like friendpurr." mean?	I like a friend.
Translate to English: Meow purr-like friendpurr.	I like a friend.
You like food.	Mew purr-like nom.
Say in cat: You like food.	Mew purr-like nom.
Translate to cat: You like food.	Mew purr-like nom.
Mew purr-like nom.	You like food.
What does "Mew purr-like nom." mean?	You like food.
Translate to English: Mew purr-like nom.	You like food.
You want water.	Mew yowl lap.
Say in cat: You want water.	Mew yowl lap.
Translate to cat: You want water.	Mew yowl lap.
Mew yowl lap.	You want water.
What does "Mew yowl lap." mean?	You want water.
Translate to English: Mew yowl lap.	You want water.
You like water.	Mew purr-like lap.
Say in cat: You like water.	Mew purr-like lap.
Translate to cat: You like water.	Mew purr-like lap.
Mew purr-like lap.	You like water.
What does "Mew purr-like lap." mean?	You like water.
Translate to English: Mew purr-like lap.	You like water.
You want milk.	Mew yowl milkmew.
Say in cat: You want milk.	Mew yowl milkmew.
Translate to cat: You want milk.	Mew yowl milkmew.
Mew yowl milkmew.	You want milk.
What does "Mew yowl milkmew." mean?	You want milk.
Translate to English: Mew yowl milkmew.	You want milk.
You like milk.	Mew purr-like milkmew.
Say in cat: You like milk.	Mew purr-like milkmew.
Translate to cat: You like milk.	Mew purr-like milkmew.
Mew purr-like milkmew.	You like milk.
What does "Mew purr-like milkmew." mean?	You like milk.
Translate to English: Mew purr-like milkmew.	You like milk.
You want fish.	Mew yowl fishnom.
Say in cat: You want fish.	Mew yowl fishnom.
Translate to cat: You want fish.	Mew yowl fishnom.
Mew yowl fishnom.	You want fish.
What does "Mew yowl fishnom." mean?	You want fish.
Translate to English: Mew yowl fishnom.	You want fish.
You want a warm bed.	Mew yowl warmnap.
Say in cat: You want a warm bed.	Mew yowl warmnap.
Translate to cat: You want a warm bed.	Mew yowl warmnap.
Mew yowl warmnap.	You want a warm bed.
What does "Mew yowl warmnap." mean?	You want a warm bed.
Translate to English: Mew yowl warmnap.	You want a warm bed.
You like a warm bed.	Mew purr-like warmnap.
Say in cat: You like a warm bed.	Mew purr-like warmnap.
Translate to cat: You like a warm bed.	Mew purr-like warmnap.
Mew purr-like warmnap.	You like a warm bed.
What does "Mew purr-like warmnap." mean?	You like a warm bed.
Translate to English: Mew purr-like warmnap.	You like a warm bed.
You want a toy.	Mew yowl playmew.
Say in cat: You want a toy.	Mew yowl playmew.
Translate to cat: You want a toy.	Mew yowl playmew.
Mew yowl playmew.	You want a toy.
What does "Mew yowl playmew." mean?	You want a toy.
Translate to English: Mew yowl playmew.	You want a toy.
You like a toy.	Mew purr-like playmew.
Say in cat: You like a toy.	Mew purr-like playmew.
Translate to cat: You like a toy.	Mew purr-like playmew.
Mew purr-like playmew.	You like a toy.
What does "Mew purr-like playmew." mean?	You like a toy.
Translate to English: Mew purr-like playmew.	You like a toy.
You want a box.	Mew yowl boxmrrp.
Say in cat: You want a box.	Mew yowl boxmrrp.
Translate to cat: You want a box.	Mew yowl boxmrrp.
Mew yowl boxmrrp.	You want a box.
What does "Mew yowl boxmrrp." mean?	You want a box.
Translate to English: Mew yowl boxmrrp.	You want a box.
You like a box.	Mew purr-like boxmrrp.
Say in cat: You like a box.	Mew purr-like boxmrrp.
Translate to cat: You like a box.	Mew purr-like boxmrrp.
Mew purr-like boxmrrp.	You like a box.
What does "Mew purr-like boxmrrp." mean?	You like a box.
Translate to English: Mew purr-like boxmrrp.	You like a box.
You like a sunny window.	Mew purr-like sunwindow.
Say in cat: You like a sunny window.	Mew purr-like sunwindow.
Translate to cat: You like a sunny window.	Mew purr-like sunwindow.
Mew purr-like sunwindow.	You like a sunny window.
What does "Mew purr-like sunwindow." mean?	You like a sunny window.
Translate to English: Mew purr-like sunwindow.	You like a sunny window.
You want a blanket.	Mew yowl softblanket.
Say in cat: You want a blanket.	Mew yowl softblanket.
Translate to cat: You want a blanket.	Mew yowl softblanket.
Mew yowl softblanket.	You want a blanket.
What does "Mew yowl softblanket." mean?	You want a blanket.
Translate to English: Mew yowl softblanket.	You want a blanket.
You like a blanket.	Mew purr-like softblanket.
Say in cat: You like a blanket.	Mew purr-like softblanket.
Translate to cat: You like a blanket.	Mew purr-like softblanket.
Mew purr-like softblanket.	You like a blanket.
What does "Mew purr-like softblanket." mean?	You like a blanket.
Translate to English: Mew purr-like softblanket.	You like a blanket.
You want a friend.	Mew yowl friendpurr.
Say in cat: You want a friend.	Mew yowl friendpurr.
Translate to cat: You want a friend.	Mew yowl friendpurr.
Mew yowl friendpurr.	You want a friend.
What does "Mew yowl friendpurr." mean?	You want a friend.
Translate to English: Mew yowl friendpurr.	You want a friend.
You like a friend.	Mew purr-like friendpurr.
Say in cat: You like a friend.	Mew purr-like friendpurr.
Translate to cat: You like a friend.	Mew purr-like friendpurr.
Mew purr-like friendpurr.	You like a friend.
What does "Mew purr-like friendpurr." mean?	You like a friend.
Translate to English: Mew purr-like friendpurr.	You like a friend.
The cat want food.	Mau yowl nom.
Say in cat: The cat want food.	Mau yowl nom.
Translate to cat: The cat want food.	Mau yowl nom.
Mau yowl nom.	The cat want food.
What does "Mau yowl nom." mean?	The cat want food.
Translate to English: Mau yowl nom.	The cat want food.
The cat want water.	Mau yowl lap.
Say in cat: The cat want water.	Mau yowl lap.
Translate to cat: The cat want water.	Mau yowl lap.
Mau yowl lap.	The cat want water.
What does "Mau yowl lap." mean?	The cat want water.
Translate to English: Mau yowl lap.	The cat want water.
The cat like water.	Mau purr-like lap.
Say in cat: The cat like water.	Mau purr-like lap.
Translate to cat: The cat like water.	Mau purr-like lap.
Mau purr-like lap.	The cat like water.
What does "Mau purr-like lap." mean?	The cat like water.
Translate to English: Mau purr-like lap.	The cat like water.
The cat want milk.	Mau yowl milkmew.
Say in cat: The cat want milk.	Mau yowl milkmew.
Translate to cat: The cat want milk.	Mau yowl milkmew.
Mau yowl milkmew.	The cat want milk.
What does "Mau yowl milkmew." mean?	The cat want milk.
Translate to English: Mau yowl milkmew.	The cat want milk.
The cat like milk.	Mau purr-like milkmew.
Say in cat: The cat like milk.	Mau purr-like milkmew.
Translate to cat: The cat like milk.	Mau purr-like milkmew.
Mau purr-like milkmew.	The cat like milk.
What does "Mau purr-like milkmew." mean?	The cat like milk.
Translate to English: Mau purr-like milkmew.	The cat like milk.
The cat want fish.	Mau yowl fishnom.
Say in cat: The cat want fish.	Mau yowl fishnom.
Translate to cat: The cat want fish.	Mau yowl fishnom.
Mau yowl fishnom.	The cat want fish.
What does "Mau yowl fishnom." mean?	The cat want fish.
Translate to English: Mau yowl fishnom.	The cat want fish.
The cat like fish.	Mau purr-like fishnom.
Say in cat: The cat like fish.	Mau purr-like fishnom.
Translate to cat: The cat like fish.	Mau purr-like fishnom.
Mau purr-like fishnom.	The cat like fish.
What does "Mau purr-like fishnom." mean?	The cat like fish.
Translate to English: Mau purr-like fishnom.	The cat like fish.
The cat like a warm bed.	Mau purr-like warmnap.
Say in cat: The cat like a warm bed.	Mau purr-like warmnap.
Translate to cat: The cat like a warm bed.	Mau purr-like warmnap.
What does "Mau purr-like warmnap." mean?	The cat like a warm bed.
Translate to English: Mau purr-like warmnap.	The cat like a warm bed.
The cat want a toy.	Mau yowl playmew.
Say in cat: The cat want a toy.	Mau yowl playmew.
Translate to cat: The cat want a toy.	Mau yowl playmew.
Mau yowl playmew.	The cat want a toy.
What does "Mau yowl playmew." mean?	The cat want a toy.
Translate to English: Mau yowl playmew.	The cat want a toy.
The cat like a toy.	Mau purr-like playmew.
Say in cat: The cat like a toy.	Mau purr-like playmew.
Translate to cat: The cat like a toy.	Mau purr-like playmew.
Mau purr-like playmew.	The cat like a toy.
What does "Mau purr-like playmew." mean?	The cat like a toy.
Translate to English: Mau purr-like playmew.	The cat like a toy.
The cat want a box.	Mau yowl boxmrrp.
Say in cat: The cat want a box.	Mau yowl boxmrrp.
Translate to cat: The cat want a box.	Mau yowl boxmrrp.
Mau yowl boxmrrp.	The cat want a box.
What does "Mau yowl boxmrrp." mean?	The cat want a box.
Translate to English: Mau yowl boxmrrp.	The cat want a box.
The cat like a box.	Mau purr-like boxmrrp.
Say in cat: The cat like a box.	Mau purr-like boxmrrp.
Translate to cat: The cat like a box.	Mau purr-like boxmrrp.
Mau purr-like boxmrrp.	The cat like a box.
What does "Mau purr-like boxmrrp." mean?	The cat like a box.
Translate to English: Mau purr-like boxmrrp.	The cat like a box.
The cat want a sunny window.	Mau yowl sunwindow.
Say in cat: The cat want a sunny window.	Mau yowl sunwindow.
Translate to cat: The cat want a sunny window.	Mau yowl sunwindow.
Mau yowl sunwindow.	The cat want a sunny window.
What does "Mau yowl sunwindow." mean?	The cat want a sunny window.
Translate to English: Mau yowl sunwindow.	The cat want a sunny window.
The cat want a blanket.	Mau yowl softblanket.
Say in cat: The cat want a blanket.	Mau yowl softblanket.
Translate to cat: The cat want a blanket.	Mau yowl softblanket.
Mau yowl softblanket.	The cat want a blanket.
What does "Mau yowl softblanket." mean?	The cat want a blanket.
Translate to English: Mau yowl softblanket.	The cat want a blanket.
The cat like a blanket.	Mau purr-like softblanket.
Say in cat: The cat like a blanket.	Mau purr-like softblanket.
Translate to cat: The cat like a blanket.	Mau purr-like softblanket.
Mau purr-like softblanket.	The cat like a blanket.
What does "Mau purr-like softblanket." mean?	The cat like a blanket.
Translate to English: Mau purr-like softblanket.	The cat like a blanket.
The cat want a friend.	Mau yowl friendpurr.
Say in cat: The cat want a friend.	Mau yowl friendpurr.
Translate to cat: The cat want a friend.	Mau yowl friendpurr.
Mau yowl friendpurr.	The cat want a friend.
What does "Mau yowl friendpurr." mean?	The cat want a friend.
Translate to English: Mau yowl friendpurr.	The cat want a friend.
The cat like a friend.	Mau purr-like friendpurr.
Say in cat: The cat like a friend.	Mau purr-like friendpurr.
Translate to cat: The cat like a friend.	Mau purr-like friendpurr.
Mau purr-like friendpurr.	The cat like a friend.
What does "Mau purr-like friendpurr." mean?	The cat like a friend.
Translate to English: Mau purr-like friendpurr.	The cat like a friend.
The kitten want food.	Mewmau yowl nom.
Say in cat: The kitten want food.	Mewmau yowl nom.
Translate to cat: The kitten want food.	Mewmau yowl nom.
Mewmau yowl nom.	The kitten want food.
What does "Mewmau yowl nom." mean?	The kitten want food.
Translate to English: Mewmau yowl nom.	The kitten want food.
The kitten like food.	Mewmau purr-like nom.
Say in cat: The kitten like food.	Mewmau purr-like nom.
Translate to cat: The kitten like food.	Mewmau purr-like nom.
Mewmau purr-like nom.	The kitten like food.
What does "Mewmau purr-like nom." mean?	The kitten like food.
Translate to English: Mewmau purr-like nom.	The kitten like food.
The kitten like water.	Mewmau purr-like lap.
Say in cat: The kitten like water.	Mewmau purr-like lap.
Translate to cat: The kitten like water.	Mewmau purr-like lap.
Mewmau purr-like lap.	The kitten like water.
What does "Mewmau purr-like lap." mean?	The kitten like water.
Translate to English: Mewmau purr-like lap.	The kitten like water.
The kitten want milk.	Mewmau yowl milkmew.
Say in cat: The kitten want milk.	Mewmau yowl milkmew.
Translate to cat: The kitten want milk.	Mewmau yowl milkmew.
Mewmau yowl milkmew.	The kitten want milk.
What does "Mewmau yowl milkmew." mean?	The kitten want milk.
Translate to English: Mewmau yowl milkmew.	The kitten want milk.
The kitten like milk.	Mewmau purr-like milkmew.
Say in cat: The kitten like milk.	Mewmau purr-like milkmew.
Translate to cat: The kitten like milk.	Mewmau purr-like milkmew.
Mewmau purr-like milkmew.	The kitten like milk.
What does "Mewmau purr-like milkmew." mean?	The kitten like milk.
Translate to English: Mewmau purr-like milkmew.	The kitten like milk.
The kitten want fish.	Mewmau yowl fishnom.
Say in cat: The kitten want fish.	Mewmau yowl fishnom.
Translate to cat: The kitten want fish.	Mewmau yowl fishnom.
Mewmau yowl fishnom.	The kitten want fish.
What does "Mewmau yowl fishnom." mean?	The kitten want fish.
Translate to English: Mewmau yowl fishnom.	The kitten want fish.
The kitten like fish.	Mewmau purr-like fishnom.
Say in cat: The kitten like fish.	Mewmau purr-like fishnom.
Translate to cat: The kitten like fish.	Mewmau purr-like fishnom.
Mewmau purr-like fishnom.	The kitten like fish.
What does "Mewmau purr-like fishnom." mean?	The kitten like fish.
Translate to English: Mewmau purr-like fishnom.	The kitten like fish.
The kitten want a warm bed.	Mewmau yowl warmnap.
Say in cat: The kitten want a warm bed.	Mewmau yowl warmnap.
Translate to cat: The kitten want a warm bed.	Mewmau yowl warmnap.
Mewmau yowl warmnap.	The kitten want a warm bed.
What does "Mewmau yowl warmnap." mean?	The kitten want a warm bed.
Translate to English: Mewmau yowl warmnap.	The kitten want a warm bed.
The kitten want a toy.	Mewmau yowl playmew.
Say in cat: The kitten want a toy.	Mewmau yowl playmew.
Translate to cat: The kitten want a toy.	Mewmau yowl playmew.
Mewmau yowl playmew.	The kitten want a toy.
What does "Mewmau yowl playmew." mean?	The kitten want a toy.
Translate to English: Mewmau yowl playmew.	The kitten want a toy.
The kitten like a toy.	Mewmau purr-like playmew.
Say in cat: The kitten like a toy.	Mewmau purr-like playmew.
Translate to cat: The kitten like a toy.	Mewmau purr-like playmew.
Mewmau purr-like playmew.	The kitten like a toy.
What does "Mewmau purr-like playmew." mean?	The kitten like a toy.
Translate to English: Mewmau purr-like playmew.	The kitten like a toy.
The kitten want a box.	Mewmau yowl boxmrrp.
Say in cat: The kitten want a box.	Mewmau yowl boxmrrp.
Translate to cat: The kitten want a box.	Mewmau yowl boxmrrp.
Mewmau yowl boxmrrp.	The kitten want a box.
What does "Mewmau yowl boxmrrp." mean?	The kitten want a box.
Translate to English: Mewmau yowl boxmrrp.	The kitten want a box.
The kitten like a box.	Mewmau purr-like boxmrrp.
Say in cat: The kitten like a box.	Mewmau purr-like boxmrrp.
Translate to cat: The kitten like a box.	Mewmau purr-like boxmrrp.
Mewmau purr-like boxmrrp.	The kitten like a box.
What does "Mewmau purr-like boxmrrp." mean?	The kitten like a box.
Translate to English: Mewmau purr-like boxmrrp.	The kitten like a box.
The kitten want a sunny window.	Mewmau yowl sunwindow.
Say in cat: The kitten want a sunny window.	Mewmau yowl sunwindow.
Translate to cat: The kitten want a sunny window.	Mewmau yowl sunwindow.
Mewmau yowl sunwindow.	The kitten want a sunny window.
What does "Mewmau yowl sunwindow." mean?	The kitten want a sunny window.
Translate to English: Mewmau yowl sunwindow.	The kitten want a sunny window.
The kitten like a sunny window.	Mewmau purr-like sunwindow.
Say in cat: The kitten like a sunny window.	Mewmau purr-like sunwindow.
Translate to cat: The kitten like a sunny window.	Mewmau purr-like sunwindow.
Mewmau purr-like sunwindow.	The kitten like a sunny window.
What does "Mewmau purr-like sunwindow." mean?	The kitten like a sunny window.
Translate to English: Mewmau purr-like sunwindow.	The kitten like a sunny window.
The kitten like a blanket.	Mewmau purr-like softblanket.
Say in cat: The kitten like a blanket.	Mewmau purr-like softblanket.
Translate to cat: The kitten like a blanket.	Mewmau purr-like softblanket.
Mewmau purr-like softblanket.	The kitten like a blanket.
What does "Mewmau purr-like softblanket." mean?	The kitten like a blanket.
Translate to English: Mewmau purr-like softblanket.	The kitten like a blanket.
The kitten want a friend.	Mewmau yowl friendpurr.
Say in cat: The kitten want a friend.	Mewmau yowl friendpurr.
Translate to cat: The kitten want a friend.	Mewmau yowl friendpurr.
Mewmau yowl friendpurr.	The kitten want a friend.
What does "Mewmau yowl friendpurr." mean?	The kitten want a friend.
Translate to English: Mewmau yowl friendpurr.	The kitten want a friend.
The kitten like a friend.	Mewmau purr-like friendpurr.
Say in cat: The kitten like a friend.	Mewmau purr-like friendpurr.
Translate to cat: The kitten like a friend.	Mewmau purr-like friendpurr.
Mewmau purr-like friendpurr.	The kitten like a friend.
What does "Mewmau purr-like friendpurr." mean?	The kitten like a friend.
Translate to English: Mewmau purr-like friendpurr.	The kitten like a friend.
We want food.	Meowmew yowl nom.
Say in cat: We want food.	Meowmew yowl nom.
Translate to cat: We want food.	Meowmew yowl nom.
Meowmew yowl nom.	We want food.
What does "Meowmew yowl nom." mean?	We want food.
Translate to English: Meowmew yowl nom.	We want food.
We like food.	Meowmew purr-like nom.
Say in cat: We like food.	Meowmew purr-like nom.
Translate to cat: We like food.	Meowmew purr-like nom.
Meowmew purr-like nom.	We like food.
What does "Meowmew purr-like nom." mean?	We like food.
Translate to English: Meowmew purr-like nom.	We like food.
We want water.	Meowmew yowl lap.
Say in cat: We want water.	Meowmew yowl lap.
Translate to cat: We want water.	Meowmew yowl lap.
Meowmew yowl lap.	We want water.
What does "Meowmew yowl lap." mean?	We want water.
Translate to English: Meowmew yowl lap.	We want water.
We want milk.	Meowmew yowl milkmew.
Say in cat: We want milk.	Meowmew yowl milkmew.
Translate to cat: We want milk.	Meowmew yowl milkmew.
Meowmew yowl milkmew.	We want milk.
What does "Meowmew yowl milkmew." mean?	We want milk.
Translate to English: Meowmew yowl milkmew.	We want milk.
We like milk.	Meowmew purr-like milkmew.
Say in cat: We like milk.	Meowmew purr-like milkmew.
Translate to cat: We like milk.	Meowmew purr-like milkmew.
Meowmew purr-like milkmew.	We like milk.
What does "Meowmew purr-like milkmew." mean?	We like milk.
Translate to English: Meowmew purr-like milkmew.	We like milk.
We want fish.	Meowmew yowl fishnom.
Say in cat: We want fish.	Meowmew yowl fishnom.
Translate to cat: We want fish.	Meowmew yowl fishnom.
Meowmew yowl fishnom.	We want fish.
What does "Meowmew yowl fishnom." mean?	We want fish.
Translate to English: Meowmew yowl fishnom.	We want fish.
We like fish.	Meowmew purr-like fishnom.
Say in cat: We like fish.	Meowmew purr-like fishnom.
Translate to cat: We like fish.	Meowmew purr-like fishnom.
Meowmew purr-like fishnom.	We like fish.
What does "Meowmew purr-like fishnom." mean?	We like fish.
Translate to English: Meowmew purr-like fishnom.	We like fish.
We want a warm bed.	Meowmew yowl warmnap.
Say in cat: We want a warm bed.	Meowmew yowl warmnap.
Translate to cat: We want a warm bed.	Meowmew yowl warmnap.
Meowmew yowl warmnap.	We want a warm bed.
What does "Meowmew yowl warmnap." mean?	We want a warm bed.
Translate to English: Meowmew yowl warmnap.	We want a warm bed.
We like a warm bed.	Meowmew purr-like warmnap.
Say in cat: We like a warm bed.	Meowmew purr-like warmnap.
Translate to cat: We like a warm bed.	Meowmew purr-like warmnap.
Meowmew purr-like warmnap.	We like a warm bed.
What does "Meowmew purr-like warmnap." mean?	We like a warm bed.
Translate to English: Meowmew purr-like warmnap.	We like a warm bed.
We like a toy.	Meowmew purr-like playmew.
Say in cat: We like a toy.	Meowmew purr-like playmew.
Translate to cat: We like a toy.	Meowmew purr-like playmew.
Meowmew purr-like playmew.	We like a toy.
What does "Meowmew purr-like playmew." mean?	We like a toy.
Translate to English: Meowmew purr-like playmew.	We like a toy.
We want a box.	Meowmew yowl boxmrrp.
Say in cat: We want a box.	Meowmew yowl boxmrrp.
Translate to cat: We want a box.	Meowmew yowl boxmrrp.
Meowmew yowl boxmrrp.	We want a box.
What does "Meowmew yowl boxmrrp." mean?	We want a box.
Translate to English: Meowmew yowl boxmrrp.	We want a box.
We like a box.	Meowmew purr-like boxmrrp.
Say in cat: We like a box.	Meowmew purr-like boxmrrp.
Translate to cat: We like a box.	Meowmew purr-like boxmrrp.
Meowmew purr-like boxmrrp.	We like a box.
What does "Meowmew purr-like boxmrrp." mean?	We like a box.
Translate to English: Meowmew purr-like boxmrrp.	We like a box.
We want a sunny window.	Meowmew yowl sunwindow.
Say in cat: We want a sunny window.	Meowmew yowl sunwindow.
Translate to cat: We want a sunny window.	Meowmew yowl sunwindow.
Meowmew yowl sunwindow.	We want a sunny window.
What does "Meowmew yowl sunwindow." mean?	We want a sunny window.
Translate to English: Meowmew yowl sunwindow.	We want a sunny window.
We like a sunny window.	Meowmew purr-like sunwindow.
Say in cat: We like a sunny window.	Meowmew purr-like sunwindow.
Translate to cat: We like a sunny window.	Meowmew purr-like sunwindow.
Meowmew purr-like sunwindow.	We like a sunny window.
What does "Meowmew purr-like sunwindow." mean?	We like a sunny window.
Translate to English: Meowmew purr-like sunwindow.	We like a sunny window.
We want a blanket.	Meowmew yowl softblanket.
Say in cat: We want a blanket.	Meowmew yowl softblanket.
Translate to cat: We want a blanket.	Meowmew yowl softblanket.
Meowmew yowl softblanket.	We want a blanket.
What does "Meowmew yowl softblanket." mean?	We want a blanket.
Translate to English: Meowmew yowl softblanket.	We want a blanket.
We want a friend.	Meowmew yowl friendpurr.
Say in cat: We want a friend.	Meowmew yowl friendpurr.
Translate to cat: We want a friend.	Meowmew yowl friendpurr.
Meowmew yowl friendpurr.	We want a friend.
What does "Meowmew yowl friendpurr." mean?	We want a friend.
Translate to English: Meowmew yowl friendpurr.	We want a friend.
We like a friend.	Meowmew purr-like friendpurr.
Say in cat: We like a friend.	Meowmew purr-like friendpurr.
Translate to cat: We like a friend.	Meowmew purr-like friendpurr.
Meowmew purr-like friendpurr.	We like a friend.
What does "Meowmew purr-like friendpurr." mean?	We like a friend.
Translate to English: Meowmew purr-like friendpurr.	We like a friend.
I see food.	Meow chirp-see nom.
Say in cat: I see food.	Meow chirp-see nom.
Translate to cat: I see food.	Meow chirp-see nom.
Meow chirp-see nom.	I see food.
What does "Meow chirp-see nom." mean?	I see food.
Translate to English: Meow chirp-see nom.	I see food.
I see water.	Meow chirp-see lap.
Say in cat: I see water.	Meow chirp-see lap.
Translate to cat: I see water.	Meow chirp-see lap.
Meow chirp-see lap.	I see water.
What does "Meow chirp-see lap." mean?	I see water.
Translate to English: Meow chirp-see lap.	I see water.
I see milk.	Meow chirp-see milkmew.
Say in cat: I see milk.	Meow chirp-see milkmew.
Translate to cat: I see milk.	Meow chirp-see milkmew.
Meow chirp-see milkmew.	I see milk.
What does "Meow chirp-see milkmew." mean?	I see milk.
Translate to English: Meow chirp-see milkmew.	I see milk.
I see fish.	Meow chirp-see fishnom.
Say in cat: I see fish.	Meow chirp-see fishnom.
Translate to cat: I see fish.	Meow chirp-see fishnom.
What does "Meow chirp-see fishnom." mean?	I see fish.
Translate to English: Meow chirp-see fishnom.	I see fish.
I hear food.	Meow mrrp-hear nom.
Say in cat: I hear food.	Meow mrrp-hear nom.
Translate to cat: I hear food.	Meow mrrp-hear nom.
Meow mrrp-hear nom.	I hear food.
What does "Meow mrrp-hear nom." mean?	I hear food.
Translate to English: Meow mrrp-hear nom.	I hear food.
I hear water.	Meow mrrp-hear lap.
Say in cat: I hear water.	Meow mrrp-hear lap.
Translate to cat: I hear water.	Meow mrrp-hear lap.
Meow mrrp-hear lap.	I hear water.
What does "Meow mrrp-hear lap." mean?	I hear water.
Translate to English: Meow mrrp-hear lap.	I hear water.
I hear milk.	Meow mrrp-hear milkmew.
Say in cat: I hear milk.	Meow mrrp-hear milkmew.
Translate to cat: I hear milk.	Meow mrrp-hear milkmew.
Meow mrrp-hear milkmew.	I hear milk.
What does "Meow mrrp-hear milkmew." mean?	I hear milk.
Translate to English: Meow mrrp-hear milkmew.	I hear milk.
I hear fish.	Meow mrrp-hear fishnom.
Say in cat: I hear fish.	Meow mrrp-hear fishnom.
Translate to cat: I hear fish.	Meow mrrp-hear fishnom.
Meow mrrp-hear fishnom.	I hear fish.
What does "Meow mrrp-hear fishnom." mean?	I hear fish.
Translate to English: Meow mrrp-hear fishnom.	I hear fish.
I hear a warm bed.	Meow mrrp-hear warmnap.
Say in cat: I hear a warm bed.	Meow mrrp-hear warmnap.
Translate to cat: I hear a warm bed.	Meow mrrp-hear warmnap.
Meow mrrp-hear warmnap.	I hear a warm bed.
What does "Meow mrrp-hear warmnap." mean?	I hear a warm bed.
Translate to English: Meow mrrp-hear warmnap.	I hear a warm bed.
I find food.	Meow mew-find nom.
Say in cat: I find food.	Meow mew-find nom.
Translate to cat: I find food.	Meow mew-find nom.
Meow mew-find nom.	I find food.
What does "Meow mew-find nom." mean?	I find food.
Translate to English: Meow mew-find nom.	I find food.
I find milk.	Meow mew-find milkmew.
Say in cat: I find milk.	Meow mew-find milkmew.
Translate to cat: I find milk.	Meow mew-find milkmew.
Meow mew-find milkmew.	I find milk.
What does "Meow mew-find milkmew." mean?	I find milk.
Translate to English: Meow mew-find milkmew.	I find milk.
I find fish.	Meow mew-find fishnom.
Say in cat: I find fish.	Meow mew-find fishnom.
Translate to cat: I find fish.	Meow mew-find fishnom.
Meow mew-find fishnom.	I find fish.
What does "Meow mew-find fishnom." mean?	I find fish.
Translate to English: Meow mew-find fishnom.	I find fish.
I find a warm bed.	Meow mew-find warmnap.
Say in cat: I find a warm bed.	Meow mew-find warmnap.
Translate to cat: I find a warm bed.	Meow mew-find warmnap.
Meow mew-find warmnap.	I find a warm bed.
What does "Meow mew-find warmnap." mean?	I find a warm bed.
Translate to English: Meow mew-find warmnap.	I find a warm bed.
I follow food.	Meow paw-follow nom.
Say in cat: I follow food.	Meow paw-follow nom.
Translate to cat: I follow food.	Meow paw-follow nom.
Meow paw-follow nom.	I follow food.
What does "Meow paw-follow nom." mean?	I follow food.
Translate to English: Meow paw-follow nom.	I follow food.
I follow water.	Meow paw-follow lap.
Say in cat: I follow water.	Meow paw-follow lap.
Translate to cat: I follow water.	Meow paw-follow lap.
Meow paw-follow lap.	I follow water.
What does "Meow paw-follow lap." mean?	I follow water.
Translate to English: Meow paw-follow lap.	I follow water.
I follow milk.	Meow paw-follow milkmew.
Say in cat: I follow milk.	Meow paw-follow milkmew.
Translate to cat: I follow milk.	Meow paw-follow milkmew.
Meow paw-follow milkmew.	I follow milk.
What does "Meow paw-follow milkmew." mean?	I follow milk.
Translate to English: Meow paw-follow milkmew.	I follow milk.
I follow a warm bed.	Meow paw-follow warmnap.
Say in cat: I follow a warm bed.	Meow paw-follow warmnap.
Translate to cat: I follow a warm bed.	Meow paw-follow warmnap.
Meow paw-follow warmnap.	I follow a warm bed.
What does "Meow paw-follow warmnap." mean?	I follow a warm bed.
Translate to English: Meow paw-follow warmnap.	I follow a warm bed.
I protect food.	Meow hiss-guard nom.
Say in cat: I protect food.	Meow hiss-guard nom.
Translate to cat: I protect food.	Meow hiss-guard nom.
Meow hiss-guard nom.	I protect food.
What does "Meow hiss-guard nom." mean?	I protect food.
Translate to English: Meow hiss-guard nom.	I protect food.
I protect water.	Meow hiss-guard lap.
Say in cat: I protect water.	Meow hiss-guard lap.
Translate to cat: I protect water.	Meow hiss-guard lap.
Meow hiss-guard lap.	I protect water.
What does "Meow hiss-guard lap." mean?	I protect water.
Translate to English: Meow hiss-guard lap.	I protect water.
I protect milk.	Meow hiss-guard milkmew.
Say in cat: I protect milk.	Meow hiss-guard milkmew.
Translate to cat: I protect milk.	Meow hiss-guard milkmew.
Meow hiss-guard milkmew.	I protect milk.
What does "Meow hiss-guard milkmew." mean?	I protect milk.
Translate to English: Meow hiss-guard milkmew.	I protect milk.
I protect fish.	Meow hiss-guard fishnom.
Say in cat: I protect fish.	Meow hiss-guard fishnom.
Translate to cat: I protect fish.	Meow hiss-guard fishnom.
Meow hiss-guard fishnom.	I protect fish.
What does "Meow hiss-guard fishnom." mean?	I protect fish.
Translate to English: Meow hiss-guard fishnom.	I protect fish.
I protect a warm bed.	Meow hiss-guard warmnap.
Say in cat: I protect a warm bed.	Meow hiss-guard warmnap.
Translate to cat: I protect a warm bed.	Meow hiss-guard warmnap.
Meow hiss-guard warmnap.	I protect a warm bed.
What does "Meow hiss-guard warmnap." mean?	I protect a warm bed.
Translate to English: Meow hiss-guard warmnap.	I protect a warm bed.
I visit water.	Meow purr-visit lap.
Say in cat: I visit water.	Meow purr-visit lap.
Translate to cat: I visit water.	Meow purr-visit lap.
Meow purr-visit lap.	I visit water.
What does "Meow purr-visit lap." mean?	I visit water.
Translate to English: Meow purr-visit lap.	I visit water.
I visit milk.	Meow purr-visit milkmew.
Say in cat: I visit milk.	Meow purr-visit milkmew.
Translate to cat: I visit milk.	Meow purr-visit milkmew.
Meow purr-visit milkmew.	I visit milk.
What does "Meow purr-visit milkmew." mean?	I visit milk.
Translate to English: Meow purr-visit milkmew.	I visit milk.
I visit fish.	Meow purr-visit fishnom.
Say in cat: I visit fish.	Meow purr-visit fishnom.
Translate to cat: I visit fish.	Meow purr-visit fishnom.
Meow purr-visit fishnom.	I visit fish.
What does "Meow purr-visit fishnom." mean?	I visit fish.
Translate to English: Meow purr-visit fishnom.	I visit fish.
I visit a warm bed.	Meow purr-visit warmnap.
Say in cat: I visit a warm bed.	Meow purr-visit warmnap.
Translate to cat: I visit a warm bed.	Meow purr-visit warmnap.
Meow purr-visit warmnap.	I visit a warm bed.
What does "Meow purr-visit warmnap." mean?	I visit a warm bed.
Translate to English: Meow purr-visit warmnap.	I visit a warm bed.
You see food.	Mew chirp-see nom.
Say in cat: You see food.	Mew chirp-see nom.
Translate to cat: You see food.	Mew chirp-see nom.
Mew chirp-see nom.	You see food.
What does "Mew chirp-see nom." mean?	You see food.
Translate to English: Mew chirp-see nom.	You see food.
You see water.	Mew chirp-see lap.
Say in cat: You see water.	Mew chirp-see lap.
Translate to cat: You see water.	Mew chirp-see lap.
Mew chirp-see lap.	You see water.
What does "Mew chirp-see lap." mean?	You see water.
Translate to English: Mew chirp-see lap.	You see water.
You see fish.	Mew chirp-see fishnom.
Say in cat: You see fish.	Mew chirp-see fishnom.
Translate to cat: You see fish.	Mew chirp-see fishnom.
Mew chirp-see fishnom.	You see fish.
What does "Mew chirp-see fishnom." mean?	You see fish.
Translate to English: Mew chirp-see fishnom.	You see fish.
You see a warm bed.	Mew chirp-see warmnap.
Say in cat: You see a warm bed.	Mew chirp-see warmnap.
Translate to cat: You see a warm bed.	Mew chirp-see warmnap.
Mew chirp-see warmnap.	You see a warm bed.
What does "Mew chirp-see warmnap." mean?	You see a warm bed.
Translate to English: Mew chirp-see warmnap.	You see a warm bed.
You hear food.	Mew mrrp-hear nom.
Say in cat: You hear food.	Mew mrrp-hear nom.
Translate to cat: You hear food.	Mew mrrp-hear nom.
Mew mrrp-hear nom.	You hear food.
What does "Mew mrrp-hear nom." mean?	You hear food.
Translate to English: Mew mrrp-hear nom.	You hear food.
You hear water.	Mew mrrp-hear lap.
Say in cat: You hear water.	Mew mrrp-hear lap.
Translate to cat: You hear water.	Mew mrrp-hear lap.
Mew mrrp-hear lap.	You hear water.
What does "Mew mrrp-hear lap." mean?	You hear water.
Translate to English: Mew mrrp-hear lap.	You hear water.
You hear milk.	Mew mrrp-hear milkmew.
Say in cat: You hear milk.	Mew mrrp-hear milkmew.
Translate to cat: You hear milk.	Mew mrrp-hear milkmew.
Mew mrrp-hear milkmew.	You hear milk.
What does "Mew mrrp-hear milkmew." mean?	You hear milk.
Translate to English: Mew mrrp-hear milkmew.	You hear milk.
You hear fish.	Mew mrrp-hear fishnom.
Say in cat: You hear fish.	Mew mrrp-hear fishnom.
Translate to cat: You hear fish.	Mew mrrp-hear fishnom.
Mew mrrp-hear fishnom.	You hear fish.
What does "Mew mrrp-hear fishnom." mean?	You hear fish.
Translate to English: Mew mrrp-hear fishnom.	You hear fish.
You find food.	Mew mew-find nom.
Say in cat: You find food.	Mew mew-find nom.
Translate to cat: You find food.	Mew mew-find nom.
Mew mew-find nom.	You find food.
What does "Mew mew-find nom." mean?	You find food.
Translate to English: Mew mew-find nom.	You find food.
You find water.	Mew mew-find lap.
Say in cat: You find water.	Mew mew-find lap.
Translate to cat: You find water.	Mew mew-find lap.
Mew mew-find lap.	You find water.
What does "Mew mew-find lap." mean?	You find water.
Translate to English: Mew mew-find lap.	You find water.
You find milk.	Mew mew-find milkmew.
Say in cat: You find milk.	Mew mew-find milkmew.
Translate to cat: You find milk.	Mew mew-find milkmew.
Mew mew-find milkmew.	You find milk.
What does "Mew mew-find milkmew." mean?	You find milk.
Translate to English: Mew mew-find milkmew.	You find milk.
You find fish.	Mew mew-find fishnom.
Say in cat: You find fish.	Mew mew-find fishnom.
Translate to cat: You find fish.	Mew mew-find fishnom.
Mew mew-find fishnom.	You find fish.
What does "Mew mew-find fishnom." mean?	You find fish.
Translate to English: Mew mew-find fishnom.	You find fish.
You find a warm bed.	Mew mew-find warmnap.
Say in cat: You find a warm bed.	Mew mew-find warmnap.
Translate to cat: You find a warm bed.	Mew mew-find warmnap.
Mew mew-find warmnap.	You find a warm bed.
What does "Mew mew-find warmnap." mean?	You find a warm bed.
Translate to English: Mew mew-find warmnap.	You find a warm bed.
You follow food.	Mew paw-follow nom.
Say in cat: You follow food.	Mew paw-follow nom.
Translate to cat: You follow food.	Mew paw-follow nom.
Mew paw-follow nom.	You follow food.
What does "Mew paw-follow nom." mean?	You follow food.
Translate to English: Mew paw-follow nom.	You follow food.
You follow milk.	Mew paw-follow milkmew.
Say in cat: You follow milk.	Mew paw-follow milkmew.
Translate to cat: You follow milk.	Mew paw-follow milkmew.
Mew paw-follow milkmew.	You follow milk.
What does "Mew paw-follow milkmew." mean?	You follow milk.
Translate to English: Mew paw-follow milkmew.	You follow milk.
You follow fish.	Mew paw-follow fishnom.
Say in cat: You follow fish.	Mew paw-follow fishnom.
Translate to cat: You follow fish.	Mew paw-follow fishnom.
Mew paw-follow fishnom.	You follow fish.
What does "Mew paw-follow fishnom." mean?	You follow fish.
Translate to English: Mew paw-follow fishnom.	You follow fish.
You follow a warm bed.	Mew paw-follow warmnap.
Say in cat: You follow a warm bed.	Mew paw-follow warmnap.
Translate to cat: You follow a warm bed.	Mew paw-follow warmnap.
Mew paw-follow warmnap.	You follow a warm bed.
What does "Mew paw-follow warmnap." mean?	You follow a warm bed.
Translate to English: Mew paw-follow warmnap.	You follow a warm bed.
You protect food.	Mew hiss-guard nom.
Say in cat: You protect food.	Mew hiss-guard nom.
Translate to cat: You protect food.	Mew hiss-guard nom.
Mew hiss-guard nom.	You protect food.
What does "Mew hiss-guard nom." mean?	You protect food.
Translate to English: Mew hiss-guard nom.	You protect food.
You protect water.	Mew hiss-guard lap.
Say in cat: You protect water.	Mew hiss-guard lap.
Translate to cat: You protect water.	Mew hiss-guard lap.
Mew hiss-guard lap.	You protect water.
What does "Mew hiss-guard lap." mean?	You protect water.
Translate to English: Mew hiss-guard lap.	You protect water.
You protect milk.	Mew hiss-guard milkmew.
Say in cat: You protect milk.	Mew hiss-guard milkmew.
Translate to cat: You protect milk.	Mew hiss-guard milkmew.
Mew hiss-guard milkmew.	You protect milk.
What does "Mew hiss-guard milkmew." mean?	You protect milk.
Translate to English: Mew hiss-guard milkmew.	You protect milk.
You protect a warm bed.	Mew hiss-guard warmnap.
Say in cat: You protect a warm bed.	Mew hiss-guard warmnap.
Translate to cat: You protect a warm bed.	Mew hiss-guard warmnap.
Mew hiss-guard warmnap.	You protect a warm bed.
What does "Mew hiss-guard warmnap." mean?	You protect a warm bed.
Translate to English: Mew hiss-guard warmnap.	You protect a warm bed.
You visit food.	Mew purr-visit nom.
Say in cat: You visit food.	Mew purr-visit nom.
Translate to cat: You visit food.	Mew purr-visit nom.
Mew purr-visit nom.	You visit food.
What does "Mew purr-visit nom." mean?	You visit food.
Translate to English: Mew purr-visit nom.	You visit food.
You visit water.	Mew purr-visit lap.
Say in cat: You visit water.	Mew purr-visit lap.
Translate to cat: You visit water.	Mew purr-visit lap.
Mew purr-visit lap.	You visit water.
What does "Mew purr-visit lap." mean?	You visit water.
Translate to English: Mew purr-visit lap.	You visit water.
You visit milk.	Mew purr-visit milkmew.
Say in cat: You visit milk.	Mew purr-visit milkmew.
Translate to cat: You visit milk.	Mew purr-visit milkmew.
Mew purr-visit milkmew.	You visit milk.
What does "Mew purr-visit milkmew." mean?	You visit milk.
Translate to English: Mew purr-visit milkmew.	You visit milk.
You visit fish.	Mew purr-visit fishnom.
Say in cat: You visit fish.	Mew purr-visit fishnom.
Translate to cat: You visit fish.	Mew purr-visit fishnom.
Mew purr-visit fishnom.	You visit fish.
What does "Mew purr-visit fishnom." mean?	You visit fish.
Translate to English: Mew purr-visit fishnom.	You visit fish.
You visit a warm bed.	Mew purr-visit warmnap.
Say in cat: You visit a warm bed.	Mew purr-visit warmnap.
Translate to cat: You visit a warm bed.	Mew purr-visit warmnap.
Mew purr-visit warmnap.	You visit a warm bed.
What does "Mew purr-visit warmnap." mean?	You visit a warm bed.
Translate to English: Mew purr-visit warmnap.	You visit a warm bed.
The cat see water.	Mau chirp-see lap.
Say in cat: The cat see water.	Mau chirp-see lap.
Translate to cat: The cat see water.	Mau chirp-see lap.
Mau chirp-see lap.	The cat see water.
What does "Mau chirp-see lap." mean?	The cat see water.
Translate to English: Mau chirp-see lap.	The cat see water.
The cat see milk.	Mau chirp-see milkmew.
Say in cat: The cat see milk.	Mau chirp-see milkmew.
Translate to cat: The cat see milk.	Mau chirp-see milkmew.
Mau chirp-see milkmew.	The cat see milk.
What does "Mau chirp-see milkmew." mean?	The cat see milk.
Translate to English: Mau chirp-see milkmew.	The cat see milk.
The cat see fish.	Mau chirp-see fishnom.
Say in cat: The cat see fish.	Mau chirp-see fishnom.
Translate to cat: The cat see fish.	Mau chirp-see fishnom.
Mau chirp-see fishnom.	The cat see fish.
What does "Mau chirp-see fishnom." mean?	The cat see fish.
Translate to English: Mau chirp-see fishnom.	The cat see fish.
The cat see a warm bed.	Mau chirp-see warmnap.
Say in cat: The cat see a warm bed.	Mau chirp-see warmnap.
Translate to cat: The cat see a warm bed.	Mau chirp-see warmnap.
Mau chirp-see warmnap.	The cat see a warm bed.
What does "Mau chirp-see warmnap." mean?	The cat see a warm bed.
Translate to English: Mau chirp-see warmnap.	The cat see a warm bed.
The cat hear food.	Mau mrrp-hear nom.
Say in cat: The cat hear food.	Mau mrrp-hear nom.
Translate to cat: The cat hear food.	Mau mrrp-hear nom.
Mau mrrp-hear nom.	The cat hear food.
What does "Mau mrrp-hear nom." mean?	The cat hear food.
Translate to English: Mau mrrp-hear nom.	The cat hear food.
The cat hear water.	Mau mrrp-hear lap.
Say in cat: The cat hear water.	Mau mrrp-hear lap.
Translate to cat: The cat hear water.	Mau mrrp-hear lap.
Mau mrrp-hear lap.	The cat hear water.
What does "Mau mrrp-hear lap." mean?	The cat hear water.
Translate to English: Mau mrrp-hear lap.	The cat hear water.
The cat hear fish.	Mau mrrp-hear fishnom.
Say in cat: The cat hear fish.	Mau mrrp-hear fishnom.
Translate to cat: The cat hear fish.	Mau mrrp-hear fishnom.
Mau mrrp-hear fishnom.	The cat hear fish.
What does "Mau mrrp-hear fishnom." mean?	The cat hear fish.
Translate to English: Mau mrrp-hear fishnom.	The cat hear fish.
The cat hear a warm bed.	Mau mrrp-hear warmnap.
Say in cat: The cat hear a warm bed.	Mau mrrp-hear warmnap.
Translate to cat: The cat hear a warm bed.	Mau mrrp-hear warmnap.
Mau mrrp-hear warmnap.	The cat hear a warm bed.
What does "Mau mrrp-hear warmnap." mean?	The cat hear a warm bed.
Translate to English: Mau mrrp-hear warmnap.	The cat hear a warm bed.
The cat find food.	Mau mew-find nom.
Say in cat: The cat find food.	Mau mew-find nom.
Translate to cat: The cat find food.	Mau mew-find nom.
Mau mew-find nom.	The cat find food.
What does "Mau mew-find nom." mean?	The cat find food.
Translate to English: Mau mew-find nom.	The cat find food.
The cat find water.	Mau mew-find lap.
Say in cat: The cat find water.	Mau mew-find lap.
Translate to cat: The cat find water.	Mau mew-find lap.
Mau mew-find lap.	The cat find water.
What does "Mau mew-find lap." mean?	The cat find water.
Translate to English: Mau mew-find lap.	The cat find water.
The cat find milk.	Mau mew-find milkmew.
Say in cat: The cat find milk.	Mau mew-find milkmew.
Translate to cat: The cat find milk.	Mau mew-find milkmew.
Mau mew-find milkmew.	The cat find milk.
What does "Mau mew-find milkmew." mean?	The cat find milk.
Translate to English: Mau mew-find milkmew.	The cat find milk.
The cat find fish.	Mau mew-find fishnom.
Say in cat: The cat find fish.	Mau mew-find fishnom.
Translate to cat: The cat find fish.	Mau mew-find fishnom.
Mau mew-find fishnom.	The cat find fish.
What does "Mau mew-find fishnom." mean?	The cat find fish.
Translate to English: Mau mew-find fishnom.	The cat find fish.
The cat follow food.	Mau paw-follow nom.
Say in cat: The cat follow food.	Mau paw-follow nom.
Translate to cat: The cat follow food.	Mau paw-follow nom.
Mau paw-follow nom.	The cat follow food.
What does "Mau paw-follow nom." mean?	The cat follow food.
Translate to English: Mau paw-follow nom.	The cat follow food.
The cat follow water.	Mau paw-follow lap.
Say in cat: The cat follow water.	Mau paw-follow lap.
Translate to cat: The cat follow water.	Mau paw-follow lap.
Mau paw-follow lap.	The cat follow water.
What does "Mau paw-follow lap." mean?	The cat follow water.
Translate to English: Mau paw-follow lap.	The cat follow water.
The cat follow milk.	Mau paw-follow milkmew.
Say in cat: The cat follow milk.	Mau paw-follow milkmew.
Translate to cat: The cat follow milk.	Mau paw-follow milkmew.
Mau paw-follow milkmew.	The cat follow milk.
What does "Mau paw-follow milkmew." mean?	The cat follow milk.
Translate to English: Mau paw-follow milkmew.	The cat follow milk.
The cat follow fish.	Mau paw-follow fishnom.
Say in cat: The cat follow fish.	Mau paw-follow fishnom.
Translate to cat: The cat follow fish.	Mau paw-follow fishnom.
Mau paw-follow fishnom.	The cat follow fish.
What does "Mau paw-follow fishnom." mean?	The cat follow fish.
Translate to English: Mau paw-follow fishnom.	The cat follow fish.
The cat follow a warm bed.	Mau paw-follow warmnap.
Say in cat: The cat follow a warm bed.	Mau paw-follow warmnap.
Translate to cat: The cat follow a warm bed.	Mau paw-follow warmnap.
Mau paw-follow warmnap.	The cat follow a warm bed.
What does "Mau paw-follow warmnap." mean?	The cat follow a warm bed.
Translate to English: Mau paw-follow warmnap.	The cat follow a warm bed.
The cat protect food.	Mau hiss-guard nom.
Say in cat: The cat protect food.	Mau hiss-guard nom.
Translate to cat: The cat protect food.	Mau hiss-guard nom.
Mau hiss-guard nom.	The cat protect food.
What does "Mau hiss-guard nom." mean?	The cat protect food.
Translate to English: Mau hiss-guard nom.	The cat protect food.
The cat protect milk.	Mau hiss-guard milkmew.
Say in cat: The cat protect milk.	Mau hiss-guard milkmew.
Translate to cat: The cat protect milk.	Mau hiss-guard milkmew.
Mau hiss-guard milkmew.	The cat protect milk.
What does "Mau hiss-guard milkmew." mean?	The cat protect milk.
Translate to English: Mau hiss-guard milkmew.	The cat protect milk.
The cat protect fish.	Mau hiss-guard fishnom.
Say in cat: The cat protect fish.	Mau hiss-guard fishnom.
Translate to cat: The cat protect fish.	Mau hiss-guard fishnom.
Mau hiss-guard fishnom.	The cat protect fish.
What does "Mau hiss-guard fishnom." mean?	The cat protect fish.
Translate to English: Mau hiss-guard fishnom.	The cat protect fish.
The cat protect a warm bed.	Mau hiss-guard warmnap.
Say in cat: The cat protect a warm bed.	Mau hiss-guard warmnap.
Translate to cat: The cat protect a warm bed.	Mau hiss-guard warmnap.
Mau hiss-guard warmnap.	The cat protect a warm bed.
What does "Mau hiss-guard warmnap." mean?	The cat protect a warm bed.
Translate to English: Mau hiss-guard warmnap.	The cat protect a warm bed.
The cat visit food.	Mau purr-visit nom.
Say in cat: The cat visit food.	Mau purr-visit nom.
Translate to cat: The cat visit food.	Mau purr-visit nom.
Mau purr-visit nom.	The cat visit food.
What does "Mau purr-visit nom." mean?	The cat visit food.
Translate to English: Mau purr-visit nom.	The cat visit food.
The cat visit water.	Mau purr-visit lap.
Say in cat: The cat visit water.	Mau purr-visit lap.
Translate to cat: The cat visit water.	Mau purr-visit lap.
Mau purr-visit lap.	The cat visit water.
What does "Mau purr-visit lap." mean?	The cat visit water.
Translate to English: Mau purr-visit lap.	The cat visit water.
The cat visit milk.	Mau purr-visit milkmew.
Say in cat: The cat visit milk.	Mau purr-visit milkmew.
Translate to cat: The cat visit milk.	Mau purr-visit milkmew.
Mau purr-visit milkmew.	The cat visit milk.
What does "Mau purr-visit milkmew." mean?	The cat visit milk.
Translate to English: Mau purr-visit milkmew.	The cat visit milk.
The cat visit a warm bed.	Mau purr-visit warmnap.
Say in cat: The cat visit a warm bed.	Mau purr-visit warmnap.
Translate to cat: The cat visit a warm bed.	Mau purr-visit warmnap.
Mau purr-visit warmnap.	The cat visit a warm bed.
What does "Mau purr-visit warmnap." mean?	The cat visit a warm bed.
Translate to English: Mau purr-visit warmnap.	The cat visit a warm bed.
The kitten see food.	Mewmau chirp-see nom.
Say in cat: The kitten see food.	Mewmau chirp-see nom.
Translate to cat: The kitten see food.	Mewmau chirp-see nom.
Mewmau chirp-see nom.	The kitten see food.
What does "Mewmau chirp-see nom." mean?	The kitten see food.
Translate to English: Mewmau chirp-see nom.	The kitten see food.
The kitten see water.	Mewmau chirp-see lap.
Say in cat: The kitten see water.	Mewmau chirp-see lap.
Translate to cat: The kitten see water.	Mewmau chirp-see lap.
Mewmau chirp-see lap.	The kitten see water.
What does "Mewmau chirp-see lap." mean?	The kitten see water.
Translate to English: Mewmau chirp-see lap.	The kitten see water.
The kitten see milk.	Mewmau chirp-see milkmew.
Say in cat: The kitten see milk.	Mewmau chirp-see milkmew.
Translate to cat: The kitten see milk.	Mewmau chirp-see milkmew.
Mewmau chirp-see milkmew.	The kitten see milk.
What does "Mewmau chirp-see milkmew." mean?	The kitten see milk.
Translate to English: Mewmau chirp-see milkmew.	The kitten see milk.
The kitten see fish.	Mewmau chirp-see fishnom.
Say in cat: The kitten see fish.	Mewmau chirp-see fishnom.
Translate to cat: The kitten see fish.	Mewmau chirp-see fishnom.
Mewmau chirp-see fishnom.	The kitten see fish.
What does "Mewmau chirp-see fishnom." mean?	The kitten see fish.
Translate to English: Mewmau chirp-see fishnom.	The kitten see fish.
The kitten see a warm bed.	Mewmau chirp-see warmnap.
Say in cat: The kitten see a warm bed.	Mewmau chirp-see warmnap.
Translate to cat: The kitten see a warm bed.	Mewmau chirp-see warmnap.
Mewmau chirp-see warmnap.	The kitten see a warm bed.
What does "Mewmau chirp-see warmnap." mean?	The kitten see a warm bed.
Translate to English: Mewmau chirp-see warmnap.	The kitten see a warm bed.
The kitten hear water.	Mewmau mrrp-hear lap.
Say in cat: The kitten hear water.	Mewmau mrrp-hear lap.
Translate to cat: The kitten hear water.	Mewmau mrrp-hear lap.
Mewmau mrrp-hear lap.	The kitten hear water.
What does "Mewmau mrrp-hear lap." mean?	The kitten hear water.
Translate to English: Mewmau mrrp-hear lap.	The kitten hear water.
The kitten hear milk.	Mewmau mrrp-hear milkmew.
Say in cat: The kitten hear milk.	Mewmau mrrp-hear milkmew.
Translate to cat: The kitten hear milk.	Mewmau mrrp-hear milkmew.
Mewmau mrrp-hear milkmew.	The kitten hear milk.
What does "Mewmau mrrp-hear milkmew." mean?	The kitten hear milk.
Translate to English: Mewmau mrrp-hear milkmew.	The kitten hear milk.
The kitten hear fish.	Mewmau mrrp-hear fishnom.
Say in cat: The kitten hear fish.	Mewmau mrrp-hear fishnom.
Translate to cat: The kitten hear fish.	Mewmau mrrp-hear fishnom.
Mewmau mrrp-hear fishnom.	The kitten hear fish.
What does "Mewmau mrrp-hear fishnom." mean?	The kitten hear fish.
Translate to English: Mewmau mrrp-hear fishnom.	The kitten hear fish.
The kitten hear a warm bed.	Mewmau mrrp-hear warmnap.
Say in cat: The kitten hear a warm bed.	Mewmau mrrp-hear warmnap.
Translate to cat: The kitten hear a warm bed.	Mewmau mrrp-hear warmnap.
Mewmau mrrp-hear warmnap.	The kitten hear a warm bed.
What does "Mewmau mrrp-hear warmnap." mean?	The kitten hear a warm bed.
Translate to English: Mewmau mrrp-hear warmnap.	The kitten hear a warm bed.
The kitten find food.	Mewmau mew-find nom.
Say in cat: The kitten find food.	Mewmau mew-find nom.
Translate to cat: The kitten find food.	Mewmau mew-find nom.
Mewmau mew-find nom.	The kitten find food.
What does "Mewmau mew-find nom." mean?	The kitten find food.
Translate to English: Mewmau mew-find nom.	The kitten find food.
The kitten find water.	Mewmau mew-find lap.
Say in cat: The kitten find water.	Mewmau mew-find lap.
Translate to cat: The kitten find water.	Mewmau mew-find lap.
Mewmau mew-find lap.	The kitten find water.
What does "Mewmau mew-find lap." mean?	The kitten find water.
Translate to English: Mewmau mew-find lap.	The kitten find water.
The kitten find fish.	Mewmau mew-find fishnom.
Say in cat: The kitten find fish.	Mewmau mew-find fishnom.
Translate to cat: The kitten find fish.	Mewmau mew-find fishnom.
Mewmau mew-find fishnom.	The kitten find fish.
What does "Mewmau mew-find fishnom." mean?	The kitten find fish.
Translate to English: Mewmau mew-find fishnom.	The kitten find fish.
The kitten find a warm bed.	Mewmau mew-find warmnap.
Say in cat: The kitten find a warm bed.	Mewmau mew-find warmnap.
Translate to cat: The kitten find a warm bed.	Mewmau mew-find warmnap.
Mewmau mew-find warmnap.	The kitten find a warm bed.
What does "Mewmau mew-find warmnap." mean?	The kitten find a warm bed.
Translate to English: Mewmau mew-find warmnap.	The kitten find a warm bed.
The kitten follow food.	Mewmau paw-follow nom.
Say in cat: The kitten follow food.	Mewmau paw-follow nom.
Translate to cat: The kitten follow food.	Mewmau paw-follow nom.
Mewmau paw-follow nom.	The kitten follow food.
What does "Mewmau paw-follow nom." mean?	The kitten follow food.
Translate to English: Mewmau paw-follow nom.	The kitten follow food.
The kitten follow water.	Mewmau paw-follow lap.
Say in cat: The kitten follow water.	Mewmau paw-follow lap.
Translate to cat: The kitten follow water.	Mewmau paw-follow lap.
Mewmau paw-follow lap.	The kitten follow water.
What does "Mewmau paw-follow lap." mean?	The kitten follow water.
Translate to English: Mewmau paw-follow lap.	The kitten follow water.
The kitten follow milk.	Mewmau paw-follow milkmew.
Say in cat: The kitten follow milk.	Mewmau paw-follow milkmew.
Translate to cat: The kitten follow milk.	Mewmau paw-follow milkmew.
Mewmau paw-follow milkmew.	The kitten follow milk.
What does "Mewmau paw-follow milkmew." mean?	The kitten follow milk.
Translate to English: Mewmau paw-follow milkmew.	The kitten follow milk.
The kitten follow fish.	Mewmau paw-follow fishnom.
Say in cat: The kitten follow fish.	Mewmau paw-follow fishnom.
Translate to cat: The kitten follow fish.	Mewmau paw-follow fishnom.
Mewmau paw-follow fishnom.	The kitten follow fish.
What does "Mewmau paw-follow fishnom." mean?	The kitten follow fish.
Translate to English: Mewmau paw-follow fishnom.	The kitten follow fish.
The kitten protect food.	Mewmau hiss-guard nom.
Say in cat: The kitten protect food.	Mewmau hiss-guard nom.
Translate to cat: The kitten protect food.	Mewmau hiss-guard nom.
Mewmau hiss-guard nom.	The kitten protect food.
What does "Mewmau hiss-guard nom." mean?	The kitten protect food.
Translate to English: Mewmau hiss-guard nom.	The kitten protect food.
The kitten protect water.	Mewmau hiss-guard lap.
Say in cat: The kitten protect water.	Mewmau hiss-guard lap.
Translate to cat: The kitten protect water.	Mewmau hiss-guard lap.
Mewmau hiss-guard lap.	The kitten protect water.
What does "Mewmau hiss-guard lap." mean?	The kitten protect water.
Translate to English: Mewmau hiss-guard lap.	The kitten protect water.
The kitten protect milk.	Mewmau hiss-guard milkmew.
Say in cat: The kitten protect milk.	Mewmau hiss-guard milkmew.
Translate to cat: The kitten protect milk.	Mewmau hiss-guard milkmew.
Mewmau hiss-guard milkmew.	The kitten protect milk.
What does "Mewmau hiss-guard milkmew." mean?	The kitten protect milk.
Translate to English: Mewmau hiss-guard milkmew.	The kitten protect milk.
The kitten protect fish.	Mewmau hiss-guard fishnom.
Say in cat: The kitten protect fish.	Mewmau hiss-guard fishnom.
Translate to cat: The kitten protect fish.	Mewmau hiss-guard fishnom.
Mewmau hiss-guard fishnom.	The kitten protect fish.
What does "Mewmau hiss-guard fishnom." mean?	The kitten protect fish.
Translate to English: Mewmau hiss-guard fishnom.	The kitten protect fish.
The kitten protect a warm bed.	Mewmau hiss-guard warmnap.
Say in cat: The kitten protect a warm bed.	Mewmau hiss-guard warmnap.
Translate to cat: The kitten protect a warm bed.	Mewmau hiss-guard warmnap.
Mewmau hiss-guard warmnap.	The kitten protect a warm bed.
What does "Mewmau hiss-guard warmnap." mean?	The kitten protect a warm bed.
Translate to English: Mewmau hiss-guard warmnap.	The kitten protect a warm bed.
The kitten visit food.	Mewmau purr-visit nom.
Say in cat: The kitten visit food.	Mewmau purr-visit nom.
Translate to cat: The kitten visit food.	Mewmau purr-visit nom.
Mewmau purr-visit nom.	The kitten visit food.
What does "Mewmau purr-visit nom." mean?	The kitten visit food.
Translate to English: Mewmau purr-visit nom.	The kitten visit food.
The kitten visit milk.	Mewmau purr-visit milkmew.
Say in cat: The kitten visit milk.	Mewmau purr-visit milkmew.
Translate to cat: The kitten visit milk.	Mewmau purr-visit milkmew.
Mewmau purr-visit milkmew.	The kitten visit milk.
What does "Mewmau purr-visit milkmew." mean?	The kitten visit milk.
Translate to English: Mewmau purr-visit milkmew.	The kitten visit milk.
The kitten visit fish.	Mewmau purr-visit fishnom.
Say in cat: The kitten visit fish.	Mewmau purr-visit fishnom.
Translate to cat: The kitten visit fish.	Mewmau purr-visit fishnom.
Mewmau purr-visit fishnom.	The kitten visit fish.
What does "Mewmau purr-visit fishnom." mean?	The kitten visit fish.
Translate to English: Mewmau purr-visit fishnom.	The kitten visit fish.
The kitten visit a warm bed.	Mewmau purr-visit warmnap.
Say in cat: The kitten visit a warm bed.	Mewmau purr-visit warmnap.
Translate to cat: The kitten visit a warm bed.	Mewmau purr-visit warmnap.
Mewmau purr-visit warmnap.	The kitten visit a warm bed.
What does "Mewmau purr-visit warmnap." mean?	The kitten visit a warm bed.
Translate to English: Mewmau purr-visit warmnap.	The kitten visit a warm bed.
We see food.	Meowmew chirp-see nom.
Say in cat: We see food.	Meowmew chirp-see nom.
Translate to cat: We see food.	Meowmew chirp-see nom.
Meowmew chirp-see nom.	We see food.
What does "Meowmew chirp-see nom." mean?	We see food.
Translate to English: Meowmew chirp-see nom.	We see food.
We see water.	Meowmew chirp-see lap.
Say in cat: We see water.	Meowmew chirp-see lap.
Translate to cat: We see water.	Meowmew chirp-see lap.
Meowmew chirp-see lap.	We see water.
What does "Meowmew chirp-see lap." mean?	We see water.
Translate to English: Meowmew chirp-see lap.	We see water.
We see milk.	Meowmew chirp-see milkmew.
Say in cat: We see milk.	Meowmew chirp-see milkmew.
Translate to cat: We see milk.	Meowmew chirp-see milkmew.
Meowmew chirp-see milkmew.	We see milk.
What does "Meowmew chirp-see milkmew." mean?	We see milk.
Translate to English: Meowmew chirp-see milkmew.	We see milk.
We see a warm bed.	Meowmew chirp-see warmnap.
Say in cat: We see a warm bed.	Meowmew chirp-see warmnap.
Translate to cat: We see a warm bed.	Meowmew chirp-see warmnap.
Meowmew chirp-see warmnap.	We see a warm bed.
What does "Meowmew chirp-see warmnap." mean?	We see a warm bed.
Translate to English: Meowmew chirp-see warmnap.	We see a warm bed.
We hear food.	Meowmew mrrp-hear nom.
Say in cat: We hear food.	Meowmew mrrp-hear nom.
Translate to cat: We hear food.	Meowmew mrrp-hear nom.
Meowmew mrrp-hear nom.	We hear food.
What does "Meowmew mrrp-hear nom." mean?	We hear food.
Translate to English: Meowmew mrrp-hear nom.	We hear food.
We hear water.	Meowmew mrrp-hear lap.
Say in cat: We hear water.	Meowmew mrrp-hear lap.
Translate to cat: We hear water.	Meowmew mrrp-hear lap.
Meowmew mrrp-hear lap.	We hear water.
What does "Meowmew mrrp-hear lap." mean?	We hear water.
Translate to English: Meowmew mrrp-hear lap.	We hear water.
We hear milk.	Meowmew mrrp-hear milkmew.
Say in cat: We hear milk.	Meowmew mrrp-hear milkmew.
Translate to cat: We hear milk.	Meowmew mrrp-hear milkmew.
Meowmew mrrp-hear milkmew.	We hear milk.
What does "Meowmew mrrp-hear milkmew." mean?	We hear milk.
Translate to English: Meowmew mrrp-hear milkmew.	We hear milk.
We hear fish.	Meowmew mrrp-hear fishnom.
Say in cat: We hear fish.	Meowmew mrrp-hear fishnom.
Translate to cat: We hear fish.	Meowmew mrrp-hear fishnom.
Meowmew mrrp-hear fishnom.	We hear fish.
What does "Meowmew mrrp-hear fishnom." mean?	We hear fish.
Translate to English: Meowmew mrrp-hear fishnom.	We hear fish.
We hear a warm bed.	Meowmew mrrp-hear warmnap.
Say in cat: We hear a warm bed.	Meowmew mrrp-hear warmnap.
Translate to cat: We hear a warm bed.	Meowmew mrrp-hear warmnap.
Meowmew mrrp-hear warmnap.	We hear a warm bed.
What does "Meowmew mrrp-hear warmnap." mean?	We hear a warm bed.
Translate to English: Meowmew mrrp-hear warmnap.	We hear a warm bed.
We find water.	Meowmew mew-find lap.
Say in cat: We find water.	Meowmew mew-find lap.
Translate to cat: We find water.	Meowmew mew-find lap.
Meowmew mew-find lap.	We find water.
What does "Meowmew mew-find lap." mean?	We find water.
Translate to English: Meowmew mew-find lap.	We find water.
We find milk.	Meowmew mew-find milkmew.
Say in cat: We find milk.	Meowmew mew-find milkmew.
Translate to cat: We find milk.	Meowmew mew-find milkmew.
Meowmew mew-find milkmew.	We find milk.
What does "Meowmew mew-find milkmew." mean?	We find milk.
Translate to English: Meowmew mew-find milkmew.	We find milk.
We find fish.	Meowmew mew-find fishnom.
Say in cat: We find fish.	Meowmew mew-find fishnom.
Translate to cat: We find fish.	Meowmew mew-find fishnom.
Meowmew mew-find fishnom.	We find fish.
What does "Meowmew mew-find fishnom." mean?	We find fish.
Translate to English: Meowmew mew-find fishnom.	We find fish.
We find a warm bed.	Meowmew mew-find warmnap.
Say in cat: We find a warm bed.	Meowmew mew-find warmnap.
Translate to cat: We find a warm bed.	Meowmew mew-find warmnap.
Meowmew mew-find warmnap.	We find a warm bed.
What does "Meowmew mew-find warmnap." mean?	We find a warm bed.
Translate to English: Meowmew mew-find warmnap.	We find a warm bed.
We follow food.	Meowmew paw-follow nom.
Say in cat: We follow food.	Meowmew paw-follow nom.
Translate to cat: We follow food.	Meowmew paw-follow nom.
Meowmew paw-follow nom.	We follow food.
What does "Meowmew paw-follow nom." mean?	We follow food.
Translate to English: Meowmew paw-follow nom.	We follow food.
We follow water.	Meowmew paw-follow lap.
Say in cat: We follow water.	Meowmew paw-follow lap.
Translate to cat: We follow water.	Meowmew paw-follow lap.
Meowmew paw-follow lap.	We follow water.
What does "Meowmew paw-follow lap." mean?	We follow water.
Translate to English: Meowmew paw-follow lap.	We follow water.
We follow fish.	Meowmew paw-follow fishnom.
Say in cat: We follow fish.	Meowmew paw-follow fishnom.
Translate to cat: We follow fish.	Meowmew paw-follow fishnom.
Meowmew paw-follow fishnom.	We follow fish.
What does "Meowmew paw-follow fishnom." mean?	We follow fish.
Translate to English: Meowmew paw-follow fishnom.	We follow fish.
We follow a warm bed.	Meowmew paw-follow warmnap.
Say in cat: We follow a warm bed.	Meowmew paw-follow warmnap.
Translate to cat: We follow a warm bed.	Meowmew paw-follow warmnap.
Meowmew paw-follow warmnap.	We follow a warm bed.
What does "Meowmew paw-follow warmnap." mean?	We follow a warm bed.
Translate to English: Meowmew paw-follow warmnap.	We follow a warm bed.
We protect food.	Meowmew hiss-guard nom.
Say in cat: We protect food.	Meowmew hiss-guard nom.
Translate to cat: We protect food.	Meowmew hiss-guard nom.
Meowmew hiss-guard nom.	We protect food.
What does "Meowmew hiss-guard nom." mean?	We protect food.
Translate to English: Meowmew hiss-guard nom.	We protect food.
We protect water.	Meowmew hiss-guard lap.
Say in cat: We protect water.	Meowmew hiss-guard lap.
Translate to cat: We protect water.	Meowmew hiss-guard lap.
Meowmew hiss-guard lap.	We protect water.
What does "Meowmew hiss-guard lap." mean?	We protect water.
Translate to English: Meowmew hiss-guard lap.	We protect water.
We protect milk.	Meowmew hiss-guard milkmew.
Say in cat: We protect milk.	Meowmew hiss-guard milkmew.
Translate to cat: We protect milk.	Meowmew hiss-guard milkmew.
Meowmew hiss-guard milkmew.	We protect milk.
What does "Meowmew hiss-guard milkmew." mean?	We protect milk.
Translate to English: Meowmew hiss-guard milkmew.	We protect milk.
We protect fish.	Meowmew hiss-guard fishnom.
Say in cat: We protect fish.	Meowmew hiss-guard fishnom.
Translate to cat: We protect fish.	Meowmew hiss-guard fishnom.
Meowmew hiss-guard fishnom.	We protect fish.
What does "Meowmew hiss-guard fishnom." mean?	We protect fish.
Translate to English: Meowmew hiss-guard fishnom.	We protect fish.
We visit food.	Meowmew purr-visit nom.
Say in cat: We visit food.	Meowmew purr-visit nom.
Translate to cat: We visit food.	Meowmew purr-visit nom.
Meowmew purr-visit nom.	We visit food.
What does "Meowmew purr-visit nom." mean?	We visit food.
Translate to English: Meowmew purr-visit nom.	We visit food.
We visit water.	Meowmew purr-visit lap.
Say in cat: We visit water.	Meowmew purr-visit lap.
Translate to cat: We visit water.	Meowmew purr-visit lap.
Meowmew purr-visit lap.	We visit water.
What does "Meowmew purr-visit lap." mean?	We visit water.
Translate to English: Meowmew purr-visit lap.	We visit water.
We visit milk.	Meowmew purr-visit milkmew.
Say in cat: We visit milk.	Meowmew purr-visit milkmew.
Translate to cat: We visit milk.	Meowmew purr-visit milkmew.
Meowmew purr-visit milkmew.	We visit milk.
What does "Meowmew purr-visit milkmew." mean?	We visit milk.
Translate to English: Meowmew purr-visit milkmew.	We visit milk.
We visit fish.	Meowmew purr-visit fishnom.
Say in cat: We visit fish.	Meowmew purr-visit fishnom.
Translate to cat: We visit fish.	Meowmew purr-visit fishnom.
Meowmew purr-visit fishnom.	We visit fish.
What does "Meowmew purr-visit fishnom." mean?	We visit fish.
Translate to English: Meowmew purr-visit fishnom.	We visit fish.
We visit a warm bed.	Meowmew purr-visit warmnap.
Say in cat: We visit a warm bed.	Meowmew purr-visit warmnap.
Translate to cat: We visit a warm bed.	Meowmew purr-visit warmnap.
Meowmew purr-visit warmnap.	We visit a warm bed.
What does "Meowmew purr-visit warmnap." mean?	We visit a warm bed.
Translate to English: Meowmew purr-visit warmnap.	We visit a warm bed.
Are you happy?	Mew purr?
Mew purr?	Are you happy?
How does a happy cat say happy?	Meow purr.
Are you sad?	Mew mrrp?
Mew mrrp?	Are you sad?
How does a happy cat say sad?	Meow mrrp.
Are you hungry?	Mew nomnom?
Mew nomnom?	Are you hungry?
How does a happy cat say hungry?	Meow nomnom.
Are you thirsty?	Mew laplap?
Mew laplap?	Are you thirsty?
How does a happy cat say thirsty?	Meow laplap.
Are you sleepy?	Mew nyaaap?
Mew nyaaap?	Are you sleepy?
How does a happy cat say sleepy?	Meow nyaaap.
Are you angry?	Mew hiss?
How does a happy cat say angry?	Meow hiss.
Are you curious?	Mew chirp?
Mew chirp?	Are you curious?
How does a happy cat say curious?	Meow chirp.
Are you playful?	Mew trill?
Mew trill?	Are you playful?
How does a happy cat say playful?	Meow trill.
Are you scared?	Mew eekmew?
Mew eekmew?	Are you scared?
How does a happy cat say scared?	Meow eekmew.
Are you comfortable?	Mew softpurr?
Mew softpurr?	Are you comfortable?
How does a happy cat say comfortable?	Meow softpurr.
Do you want food?	Mew yowl nom?
Mew yowl nom?	Do you want food?
The cat wants food.	Mau yowl nom.
Do you want water?	Mew yowl lap?
Mew yowl lap?	Do you want water?
The cat wants water.	Mau yowl lap.
Do you want milk?	Mew yowl milkmew?
Mew yowl milkmew?	Do you want milk?
The cat wants milk.	Mau yowl milkmew.
Do you want fish?	Mew yowl fishnom?
Mew yowl fishnom?	Do you want fish?
The cat wants fish.	Mau yowl fishnom.
Do you want a warm bed?	Mew yowl warmnap?
Mew yowl warmnap?	Do you want a warm bed?
The cat wants a warm bed.	Mau yowl warmnap.
Do you want a toy?	Mew yowl playmew?
Mew yowl playmew?	Do you want a toy?
The cat wants a toy.	Mau yowl playmew.
Do you want a box?	Mew yowl boxmrrp?
Mew yowl boxmrrp?	Do you want a box?
The cat wants a box.	Mau yowl boxmrrp.
Do you want a sunny window?	Mew yowl sunwindow?
Mew yowl sunwindow?	Do you want a sunny window?
The cat wants a sunny window.	Mau yowl sunwindow.
Do you want a blanket?	Mew yowl softblanket?
Mew yowl softblanket?	Do you want a blanket?
The cat wants a blanket.	Mau yowl softblanket.
Do you want a friend?	Mew yowl friendpurr?
Mew yowl friendpurr?	Do you want a friend?
The cat wants a friend.	Mau yowl friendpurr.
