What does happy mean?	feeling or showing pleasure and contentment
What does happy mean	feeling or showing pleasure and contentment
What does happy	feeling or showing pleasure and contentment
what does happy mean?	feeling or showing pleasure and contentment
happy	feeling or showing pleasure and contentment
Use happy in a sentence.	She felt happy when she saw her old friend again.
Use happy in a sentence	She felt happy when she saw her old friend again.
happy in a sentence	She felt happy when she saw her old friend again.
What does sad mean?	feeling or showing sorrow
What does sad mean	feeling or showing sorrow
What does sad	feeling or showing sorrow
what does sad mean?	feeling or showing sorrow
sad	feeling or showing sorrow
Use sad in a sentence.	He was sad after his favorite team lost the game.
Use sad in a sentence	He was sad after his favorite team lost the game.
sad in a sentence	He was sad after his favorite team lost the game.
What does brave mean?	willing to face danger or pain
What does brave mean	willing to face danger or pain
What does brave	willing to face danger or pain
what does brave mean?	willing to face danger or pain
brave	willing to face danger or pain
Use brave in a sentence.	The firefighter was brave enough to enter the burning house.
Use brave in a sentence	The firefighter was brave enough to enter the burning house.
brave in a sentence	The firefighter was brave enough to enter the burning house.
What does quick mean?	moving or acting fast
What does quick mean	moving or acting fast
What does quick	moving or acting fast
what does quick mean?	moving or acting fast
quick	moving or acting fast
Use quick in a sentence.	The quick fox jumped over the lazy dog.
Use quick in a sentence	The quick fox jumped over the lazy dog.
quick in a sentence	The quick fox jumped over the lazy dog.
What does willing mean?	ready and eager to do something
What does willing mean	ready and eager to do something
What does willing	ready and eager to do something
what does willing mean?	ready and eager to do something
willing	ready and eager to do something
Use willing in a sentence.	She was willing to help with the project.
Use willing in a sentence	She was willing to help with the project.
willing in a sentence	She was willing to help with the project.
What does showing mean?	making something visible or clear to others
What does showing mean	making something visible or clear to others
What does showing	making something visible or clear to others
what does showing mean?	making something visible or clear to others
showing	making something visible or clear to others
Use showing in a sentence.	The chart was showing a steady increase in sales.
Use showing in a sentence	The chart was showing a steady increase in sales.
showing in a sentence	The chart was showing a steady increase in sales.
What does hello mean?	a common greeting used when meeting someone
What does hello mean	a common greeting used when meeting someone
What does hello	a common greeting used when meeting someone
what does hello mean?	a common greeting used when meeting someone
hello	a common greeting used when meeting someone
Use hello in a sentence.	He said hello to his neighbor on the way to work.
Use hello in a sentence	He said hello to his neighbor on the way to work.
hello in a sentence	He said hello to his neighbor on the way to work.
What does good mean?	of high quality or an acceptable standard
What does good mean	of high quality or an acceptable standard
What does good	of high quality or an acceptable standard
what does good mean?	of high quality or an acceptable standard
good	of high quality or an acceptable standard
Use good in a sentence.	It was a good meal at the new restaurant.
Use good in a sentence	It was a good meal at the new restaurant.
good in a sentence	It was a good meal at the new restaurant.
