happy	feeling or showing pleasure and contentment	She felt happy when she saw her old friend again.
sad	feeling or showing sorrow	He was sad after his favorite team lost the game.
brave	willing to face danger or pain	The firefighter was brave enough to enter the burning house.
quick	moving or acting fast	The quick fox jumped over the lazy dog.
tired	in need of rest or sleep	After the long hike, everyone was tired.
bright	giving out or reflecting a lot of light	The bright sun made it hard to see the road.
quiet	making little or no noise	The library was quiet during exam week.
loud	producing a lot of noise	The loud music kept the neighbors awake.
gentle	mild and kind in manner	She gave the puppy a gentle pat on the head.
honest	truthful and sincere	He gave an honest answer even though it was hard to hear.
curious	eager to learn or know something	The curious child asked why the sky is blue.
generous	willing to give more than is expected	The generous man donated half his lottery winnings.
patient	able to wait calmly without complaining	The teacher was patient with the struggling student.
clever	quick to understand and learn	The clever fox found a way around the trap.
lazy	unwilling to work or use energy	The lazy cat slept all afternoon on the couch.
ancient	very old or from a long time ago	They found ancient pottery buried under the ruins.
fragile	easily broken or damaged	Please handle the fragile vase with both hands.
enormous	very large in size	An enormous wave crashed against the shore.
tiny	extremely small	A tiny ant carried a crumb across the floor.
famous	known widely by many people	The famous singer performed to a sold out arena.
mystery	something that is hard to explain or understand	The old house was full of mystery and locked doors.
freedom	the state of being free from control	The bird enjoyed its freedom after leaving the cage.
courage	the ability to face fear or danger	It took courage for her to speak in front of the crowd.
wisdom	knowledge gained through experience	The old man shared his wisdom with the young farmers.
journey	a long trip from one place to another	Their journey across the desert took three weeks.
harvest	the gathering of crops when they are ripe	Farmers celebrated after a good harvest.
shelter	a place that protects from weather or danger	They found shelter under a large oak tree during the storm.
whisper	to speak very softly	She had to whisper so she wouldn't wake the baby.
glimpse	a brief or partial view of something	He caught a glimpse of the deer before it ran away.
horizon	the line where the sky meets the earth	The ship disappeared over the horizon.
