hello	hello friend. it is good to see you
Hello	hello friend. it is good to see you
hello!	hello friend. it is good to see you
hi	hello friend. it is good to see you
Hi	hello friend. it is good to see you
hi!	hello friend. it is good to see you
hey	hello friend. it is good to see you
Hey	hello friend. it is good to see you
hey!	hello friend. it is good to see you
hello there	hello friend. it is good to see you
Hello there	hello friend. it is good to see you
hello there!	hello friend. it is good to see you
hellow	hello friend. it is good to see you
Hellow	hello friend. it is good to see you
hellow!	hello friend. it is good to see you
good morning	good morning friend. let us start a good day
Good morning	good morning friend. let us start a good day
good morning!	good morning friend. let us start a good day
morning	good morning friend. let us start a good day
Morning	good morning friend. let us start a good day
morning!	good morning friend. let us start a good day
good evening	good evening friend. how was your day?
Good evening	good evening friend. how was your day?
good evening!	good evening friend. how was your day?
good night	good night sleep well
Good night	good night sleep well
good night!	good night sleep well
bye	goodbye friend. come back and talk soon
Bye	goodbye friend. come back and talk soon
bye!	goodbye friend. come back and talk soon
goodbye	goodbye friend. come back and talk soon
Goodbye	goodbye friend. come back and talk soon
goodbye!	goodbye friend. come back and talk soon
see you later	goodbye friend. come back and talk soon
See you later	goodbye friend. come back and talk soon
see you later!	goodbye friend. come back and talk soon
thanks	you are welcome. i am happy to help
Thanks	you are welcome. i am happy to help
thanks!	you are welcome. i am happy to help
thank you	you are welcome. i am happy to help
Thank you	you are welcome. i am happy to help
thank you!	you are welcome. i am happy to help
how are you	i am fine thank you
How are you	i am fine thank you
how are you!	i am fine thank you
how are you doing	i am fine thank you
How are you doing	i am fine thank you
how are you doing!	i am fine thank you
how are you doin	i am fine thank you
How are you doin	i am fine thank you
how are you doin!	i am fine thank you
who are you	i am scatty. i can talk about simple facts
Who are you	i am scatty. i can talk about simple facts
who are you!	i am scatty. i can talk about simple facts
what is your name	i am scatty. i can talk about simple facts
What is your name	i am scatty. i can talk about simple facts
what is your name!	i am scatty. i can talk about simple facts
help	ask about a fact or say in cat
Help	ask about a fact or say in cat
help!	ask about a fact or say in cat
what can you do	ask about a fact or say in cat
What can you do	ask about a fact or say in cat
what can you do!	ask about a fact or say in cat
peace	peace to you
Peace	peace to you
peace!	peace to you
yes	yes indeed
Yes	yes indeed
yes!	yes indeed
no	no indeed
No	no indeed
no!	no indeed
cat sad	cat is sad
cat is sad. is cat happy?	no, cat is sad
cat is sad. is cat sad?	yes, cat is sad
cat is sad. is cat hungry?	no, cat is sad
cat is sad. is cat tired?	no, cat is sad
cat is sad. is cat calm?	no, cat is sad
cat is sad. is cat ready?	no, cat is sad
cat is not sad. is cat sad?	no, cat is not sad
cat is sad. how is cat?	cat is sad
cat hungry	cat is hungry
cat is hungry. is cat happy?	no, cat is hungry
cat is hungry. is cat sad?	no, cat is hungry
cat is hungry. is cat hungry?	yes, cat is hungry
cat is hungry. is cat tired?	no, cat is hungry
cat is hungry. is cat calm?	no, cat is hungry
cat is hungry. is cat ready?	no, cat is hungry
cat is not hungry. is cat hungry?	no, cat is not hungry
cat is hungry. how is cat?	cat is hungry
cat tired	cat is tired
cat is tired. is cat happy?	no, cat is tired
cat is tired. is cat sad?	no, cat is tired
cat is tired. is cat hungry?	no, cat is tired
cat is tired. is cat tired?	yes, cat is tired
cat is tired. is cat calm?	no, cat is tired
cat is tired. is cat ready?	no, cat is tired
cat is not tired. is cat tired?	no, cat is not tired
cat is tired. how is cat?	cat is tired
cat calm	cat is calm
cat is calm. is cat happy?	no, cat is calm
cat is calm. is cat sad?	no, cat is calm
cat is calm. is cat hungry?	no, cat is calm
cat is calm. is cat tired?	no, cat is calm
cat is calm. is cat calm?	yes, cat is calm
cat is calm. is cat ready?	no, cat is calm
cat is not calm. is cat calm?	no, cat is not calm
cat is calm. how is cat?	cat is calm
cat ready	cat is ready
cat is ready. is cat happy?	no, cat is ready
cat is ready. is cat sad?	no, cat is ready
cat is ready. is cat hungry?	no, cat is ready
cat is ready. is cat tired?	no, cat is ready
cat is ready. is cat calm?	no, cat is ready
cat is ready. is cat ready?	yes, cat is ready
cat is not ready. is cat ready?	no, cat is not ready
cat is ready. how is cat?	cat is ready
cat is at school. where is cat?	you can find cat at school
cat is at school. is cat at home?	no, cat is at school
cat is at school. is cat at school?	yes, cat is at school
cat is at school. is cat at park?	no, cat is at school
cat is at school. is cat at shop?	no, cat is at school
cat is at school. is cat at garden?	no, cat is at school
cat is at school. is cat at room?	no, cat is at school
cat is at park. where is cat?	you can find cat at park
cat is at park. is cat at home?	no, cat is at park
cat is at park. is cat at school?	no, cat is at park
cat is at park. is cat at park?	yes, cat is at park
cat is at park. is cat at shop?	no, cat is at park
cat is at park. is cat at garden?	no, cat is at park
cat is at park. is cat at room?	no, cat is at park
cat is at shop. where is cat?	you can find cat at shop
cat is at shop. is cat at home?	no, cat is at shop
cat is at shop. is cat at school?	no, cat is at shop
cat is at shop. is cat at park?	no, cat is at shop
cat is at shop. is cat at shop?	yes, cat is at shop
cat is at shop. is cat at garden?	no, cat is at shop
cat is at shop. is cat at room?	no, cat is at shop
cat is at garden. where is cat?	you can find cat at garden
cat is at garden. is cat at home?	no, cat is at garden
cat is at garden. is cat at school?	no, cat is at garden
cat is at garden. is cat at park?	no, cat is at garden
cat is at garden. is cat at shop?	no, cat is at garden
cat is at garden. is cat at garden?	yes, cat is at garden
cat is at garden. is cat at room?	no, cat is at garden
cat is at room. where is cat?	you can find cat at room
cat is at room. is cat at home?	no, cat is at room
cat is at room. is cat at school?	no, cat is at room
cat is at room. is cat at park?	no, cat is at room
cat is at room. is cat at shop?	no, cat is at room
cat is at room. is cat at garden?	no, cat is at room
cat is at room. is cat at room?	yes, cat is at room
cat has the book. what does cat have?	cat has the book
cat has the book. who has the book?	cat has the book
cat has the ball. what does cat have?	cat has the ball
cat has the ball. who has the ball?	cat has the ball
cat has the cup. what does cat have?	cat has the cup
cat has the cup. who has the cup?	cat has the cup
cat has the bag. what does cat have?	cat has the bag
cat has the bag. who has the bag?	cat has the bag
cat has the box. what does cat have?	cat has the box
cat has the box. who has the box?	cat has the box
cat is happy. how is dog?	i do not know. tell me about dog
cat is happy. how is bird?	i do not know. tell me about bird
cat is happy. how is fish?	i do not know. tell me about fish
cat is happy. how is alex?	i do not know. tell me about alex
cat is happy. how is sam?	i do not know. tell me about sam
cat is happy. how is teacher?	i do not know. tell me about teacher
is cat happy?	i do not know. tell me about cat
is cat sad?	i do not know. tell me about cat
is cat hungry?	i do not know. tell me about cat
is cat tired?	i do not know. tell me about cat
is cat calm?	i do not know. tell me about cat
is cat ready?	i do not know. tell me about cat
where is cat?	i do not know where cat is
dog happy	dog is happy
dog is happy. is dog happy?	yes, dog is happy
dog is happy. is dog sad?	no, dog is happy
dog is happy. is dog hungry?	no, dog is happy
dog is happy. is dog tired?	no, dog is happy
dog is happy. is dog calm?	no, dog is happy
dog is happy. is dog ready?	no, dog is happy
dog is not happy. is dog happy?	no, dog is not happy
dog is happy. how is dog?	dog is happy
dog sad	dog is sad
dog is sad. is dog happy?	no, dog is sad
dog is sad. is dog sad?	yes, dog is sad
dog is sad. is dog hungry?	no, dog is sad
dog is sad. is dog tired?	no, dog is sad
dog is sad. is dog calm?	no, dog is sad
dog is sad. is dog ready?	no, dog is sad
dog is not sad. is dog sad?	no, dog is not sad
dog is sad. how is dog?	dog is sad
dog hungry	dog is hungry
dog is hungry. is dog happy?	no, dog is hungry
dog is hungry. is dog sad?	no, dog is hungry
dog is hungry. is dog hungry?	yes, dog is hungry
dog is hungry. is dog tired?	no, dog is hungry
dog is hungry. is dog calm?	no, dog is hungry
dog is hungry. is dog ready?	no, dog is hungry
dog is not hungry. is dog hungry?	no, dog is not hungry
dog is hungry. how is dog?	dog is hungry
dog tired	dog is tired
dog is tired. is dog happy?	no, dog is tired
dog is tired. is dog sad?	no, dog is tired
dog is tired. is dog hungry?	no, dog is tired
dog is tired. is dog tired?	yes, dog is tired
dog is tired. is dog calm?	no, dog is tired
dog is tired. is dog ready?	no, dog is tired
dog is not tired. is dog tired?	no, dog is not tired
dog is tired. how is dog?	dog is tired
dog calm	dog is calm
dog is calm. is dog happy?	no, dog is calm
dog is calm. is dog sad?	no, dog is calm
dog is calm. is dog hungry?	no, dog is calm
dog is calm. is dog tired?	no, dog is calm
dog is calm. is dog calm?	yes, dog is calm
dog is calm. is dog ready?	no, dog is calm
dog is not calm. is dog calm?	no, dog is not calm
dog is calm. how is dog?	dog is calm
dog ready	dog is ready
dog is ready. is dog happy?	no, dog is ready
dog is ready. is dog sad?	no, dog is ready
dog is ready. is dog hungry?	no, dog is ready
dog is ready. is dog tired?	no, dog is ready
dog is ready. is dog calm?	no, dog is ready
dog is ready. is dog ready?	yes, dog is ready
dog is not ready. is dog ready?	no, dog is not ready
dog is ready. how is dog?	dog is ready
dog is at home. where is dog?	you can find dog at home
dog is at home. is dog at home?	yes, dog is at home
dog is at home. is dog at school?	no, dog is at home
dog is at home. is dog at park?	no, dog is at home
dog is at home. is dog at shop?	no, dog is at home
dog is at home. is dog at garden?	no, dog is at home
dog is at home. is dog at room?	no, dog is at home
dog is at school. where is dog?	you can find dog at school
dog is at school. is dog at home?	no, dog is at school
dog is at school. is dog at school?	yes, dog is at school
dog is at school. is dog at park?	no, dog is at school
dog is at school. is dog at shop?	no, dog is at school
dog is at school. is dog at garden?	no, dog is at school
dog is at school. is dog at room?	no, dog is at school
dog is at park. where is dog?	you can find dog at park
dog is at park. is dog at home?	no, dog is at park
dog is at park. is dog at school?	no, dog is at park
dog is at park. is dog at park?	yes, dog is at park
dog is at park. is dog at shop?	no, dog is at park
dog is at park. is dog at garden?	no, dog is at park
dog is at park. is dog at room?	no, dog is at park
dog is at shop. where is dog?	you can find dog at shop
dog is at shop. is dog at home?	no, dog is at shop
dog is at shop. is dog at school?	no, dog is at shop
dog is at shop. is dog at park?	no, dog is at shop
dog is at shop. is dog at shop?	yes, dog is at shop
dog is at shop. is dog at garden?	no, dog is at shop
dog is at shop. is dog at room?	no, dog is at shop
dog is at garden. where is dog?	you can find dog at garden
dog is at garden. is dog at home?	no, dog is at garden
dog is at garden. is dog at school?	no, dog is at garden
dog is at garden. is dog at park?	no, dog is at garden
dog is at garden. is dog at shop?	no, dog is at garden
dog is at garden. is dog at garden?	yes, dog is at garden
dog is at garden. is dog at room?	no, dog is at garden
dog is at room. where is dog?	you can find dog at room
dog is at room. is dog at home?	no, dog is at room
dog is at room. is dog at school?	no, dog is at room
dog is at room. is dog at park?	no, dog is at room
dog is at room. is dog at shop?	no, dog is at room
dog is at room. is dog at garden?	no, dog is at room
dog is at room. is dog at room?	yes, dog is at room
dog has the key. what does dog have?	dog has the key
dog has the key. who has the key?	dog has the key
dog has the book. what does dog have?	dog has the book
dog has the book. who has the book?	dog has the book
dog has the ball. what does dog have?	dog has the ball
dog has the ball. who has the ball?	dog has the ball
dog has the cup. what does dog have?	dog has the cup
dog has the cup. who has the cup?	dog has the cup
dog has the bag. what does dog have?	dog has the bag
dog has the bag. who has the bag?	dog has the bag
dog has the box. what does dog have?	dog has the box
dog has the box. who has the box?	dog has the box
dog is happy. how is cat?	i do not know. tell me about cat
dog is happy. how is bird?	i do not know. tell me about bird
dog is happy. how is fish?	i do not know. tell me about fish
dog is happy. how is alex?	i do not know. tell me about alex
dog is happy. how is sam?	i do not know. tell me about sam
dog is happy. how is friend?	i do not know. tell me about friend
is dog happy?	i do not know. tell me about dog
is dog sad?	i do not know. tell me about dog
is dog hungry?	i do not know. tell me about dog
is dog tired?	i do not know. tell me about dog
is dog calm?	i do not know. tell me about dog
is dog ready?	i do not know. tell me about dog
where is dog?	i do not know where dog is
bird happy	bird is happy
bird is happy. is bird happy?	yes, bird is happy
bird is happy. is bird sad?	no, bird is happy
bird is happy. is bird hungry?	no, bird is happy
bird is happy. is bird tired?	no, bird is happy
bird is happy. is bird calm?	no, bird is happy
bird is happy. is bird ready?	no, bird is happy
bird is not happy. is bird happy?	no, bird is not happy
bird is happy. how is bird?	bird is happy
bird sad	bird is sad
bird is sad. is bird happy?	no, bird is sad
bird is sad. is bird sad?	yes, bird is sad
bird is sad. is bird hungry?	no, bird is sad
bird is sad. is bird tired?	no, bird is sad
bird is sad. is bird calm?	no, bird is sad
bird is sad. is bird ready?	no, bird is sad
bird is not sad. is bird sad?	no, bird is not sad
bird is sad. how is bird?	bird is sad
bird hungry	bird is hungry
bird is hungry. is bird happy?	no, bird is hungry
bird is hungry. is bird sad?	no, bird is hungry
bird is hungry. is bird hungry?	yes, bird is hungry
bird is hungry. is bird tired?	no, bird is hungry
bird is hungry. is bird calm?	no, bird is hungry
bird is hungry. is bird ready?	no, bird is hungry
bird is not hungry. is bird hungry?	no, bird is not hungry
bird is hungry. how is bird?	bird is hungry
bird tired	bird is tired
bird is tired. is bird happy?	no, bird is tired
bird is tired. is bird sad?	no, bird is tired
bird is tired. is bird hungry?	no, bird is tired
bird is tired. is bird tired?	yes, bird is tired
bird is tired. is bird calm?	no, bird is tired
bird is tired. is bird ready?	no, bird is tired
bird is not tired. is bird tired?	no, bird is not tired
bird is tired. how is bird?	bird is tired
bird calm	bird is calm
bird is calm. is bird happy?	no, bird is calm
bird is calm. is bird sad?	no, bird is calm
bird is calm. is bird hungry?	no, bird is calm
bird is calm. is bird tired?	no, bird is calm
bird is calm. is bird calm?	yes, bird is calm
bird is calm. is bird ready?	no, bird is calm
bird is not calm. is bird calm?	no, bird is not calm
bird is calm. how is bird?	bird is calm
bird is at home. where is bird?	you can find bird at home
bird is at home. is bird at home?	yes, bird is at home
bird is at home. is bird at school?	no, bird is at home
bird is at home. is bird at park?	no, bird is at home
bird is at home. is bird at shop?	no, bird is at home
bird is at home. is bird at garden?	no, bird is at home
bird is at home. is bird at room?	no, bird is at home
bird is at school. where is bird?	you can find bird at school
bird is at school. is bird at home?	no, bird is at school
bird is at school. is bird at school?	yes, bird is at school
bird is at school. is bird at park?	no, bird is at school
bird is at school. is bird at shop?	no, bird is at school
bird is at school. is bird at garden?	no, bird is at school
bird is at school. is bird at room?	no, bird is at school
bird is at park. where is bird?	you can find bird at park
bird is at park. is bird at home?	no, bird is at park
bird is at park. is bird at school?	no, bird is at park
bird is at park. is bird at park?	yes, bird is at park
bird is at park. is bird at shop?	no, bird is at park
bird is at park. is bird at garden?	no, bird is at park
bird is at park. is bird at room?	no, bird is at park
bird is at shop. where is bird?	you can find bird at shop
bird is at shop. is bird at home?	no, bird is at shop
bird is at shop. is bird at school?	no, bird is at shop
bird is at shop. is bird at park?	no, bird is at shop
bird is at shop. is bird at shop?	yes, bird is at shop
bird is at shop. is bird at garden?	no, bird is at shop
bird is at shop. is bird at room?	no, bird is at shop
bird is at garden. where is bird?	you can find bird at garden
bird is at garden. is bird at home?	no, bird is at garden
bird is at garden. is bird at school?	no, bird is at garden
bird is at garden. is bird at park?	no, bird is at garden
bird is at garden. is bird at shop?	no, bird is at garden
bird is at garden. is bird at garden?	yes, bird is at garden
bird is at garden. is bird at room?	no, bird is at garden
bird has the key. what does bird have?	bird has the key
bird has the key. who has the key?	bird has the key
bird has the book. what does bird have?	bird has the book
bird has the book. who has the book?	bird has the book
bird has the ball. what does bird have?	bird has the ball
bird has the ball. who has the ball?	bird has the ball
bird has the cup. what does bird have?	bird has the cup
bird has the cup. who has the cup?	bird has the cup
bird has the bag. what does bird have?	bird has the bag
bird has the bag. who has the bag?	bird has the bag
bird is happy. how is cat?	i do not know. tell me about cat
bird is happy. how is dog?	i do not know. tell me about dog
bird is happy. how is fish?	i do not know. tell me about fish
bird is happy. how is alex?	i do not know. tell me about alex
bird is happy. how is teacher?	i do not know. tell me about teacher
bird is happy. how is friend?	i do not know. tell me about friend
is bird happy?	i do not know. tell me about bird
is bird sad?	i do not know. tell me about bird
is bird hungry?	i do not know. tell me about bird
is bird tired?	i do not know. tell me about bird
is bird calm?	i do not know. tell me about bird
is bird ready?	i do not know. tell me about bird
where is bird?	i do not know where bird is
fish happy	fish is happy
fish is happy. is fish happy?	yes, fish is happy
fish is happy. is fish sad?	no, fish is happy
fish is happy. is fish hungry?	no, fish is happy
fish is happy. is fish tired?	no, fish is happy
fish is happy. is fish calm?	no, fish is happy
fish is happy. is fish ready?	no, fish is happy
fish is not happy. is fish happy?	no, fish is not happy
fish is happy. how is fish?	fish is happy
fish sad	fish is sad
fish is sad. is fish happy?	no, fish is sad
fish is sad. is fish sad?	yes, fish is sad
fish is sad. is fish hungry?	no, fish is sad
fish is sad. is fish tired?	no, fish is sad
fish is sad. is fish calm?	no, fish is sad
fish is sad. is fish ready?	no, fish is sad
fish is not sad. is fish sad?	no, fish is not sad
fish is sad. how is fish?	fish is sad
fish hungry	fish is hungry
fish is hungry. is fish happy?	no, fish is hungry
fish is hungry. is fish sad?	no, fish is hungry
fish is hungry. is fish hungry?	yes, fish is hungry
fish is hungry. is fish tired?	no, fish is hungry
fish is hungry. is fish calm?	no, fish is hungry
fish is hungry. is fish ready?	no, fish is hungry
fish is not hungry. is fish hungry?	no, fish is not hungry
fish is hungry. how is fish?	fish is hungry
fish tired	fish is tired
fish is tired. is fish happy?	no, fish is tired
fish is tired. is fish sad?	no, fish is tired
fish is tired. is fish hungry?	no, fish is tired
fish is tired. is fish tired?	yes, fish is tired
fish is tired. is fish calm?	no, fish is tired
fish is tired. is fish ready?	no, fish is tired
fish is not tired. is fish tired?	no, fish is not tired
fish is tired. how is fish?	fish is tired
fish ready	fish is ready
fish is ready. is fish happy?	no, fish is ready
fish is ready. is fish sad?	no, fish is ready
fish is ready. is fish hungry?	no, fish is ready
fish is ready. is fish tired?	no, fish is ready
fish is ready. is fish calm?	no, fish is ready
fish is ready. is fish ready?	yes, fish is ready
fish is not ready. is fish ready?	no, fish is not ready
fish is ready. how is fish?	fish is ready
fish is at home. where is fish?	you can find fish at home
fish is at home. is fish at home?	yes, fish is at home
fish is at home. is fish at school?	no, fish is at home
fish is at home. is fish at park?	no, fish is at home
fish is at home. is fish at shop?	no, fish is at home
fish is at home. is fish at garden?	no, fish is at home
fish is at home. is fish at room?	no, fish is at home
fish is at school. where is fish?	you can find fish at school
fish is at school. is fish at home?	no, fish is at school
fish is at school. is fish at school?	yes, fish is at school
fish is at school. is fish at park?	no, fish is at school
fish is at school. is fish at shop?	no, fish is at school
fish is at school. is fish at garden?	no, fish is at school
fish is at school. is fish at room?	no, fish is at school
fish is at park. where is fish?	you can find fish at park
fish is at park. is fish at home?	no, fish is at park
fish is at park. is fish at school?	no, fish is at park
fish is at park. is fish at park?	yes, fish is at park
fish is at park. is fish at shop?	no, fish is at park
fish is at park. is fish at garden?	no, fish is at park
fish is at park. is fish at room?	no, fish is at park
fish is at shop. where is fish?	you can find fish at shop
fish is at shop. is fish at home?	no, fish is at shop
fish is at shop. is fish at school?	no, fish is at shop
fish is at shop. is fish at park?	no, fish is at shop
fish is at shop. is fish at shop?	yes, fish is at shop
fish is at shop. is fish at garden?	no, fish is at shop
fish is at shop. is fish at room?	no, fish is at shop
fish is at room. where is fish?	you can find fish at room
fish is at room. is fish at home?	no, fish is at room
fish is at room. is fish at school?	no, fish is at room
fish is at room. is fish at park?	no, fish is at room
fish is at room. is fish at shop?	no, fish is at room
fish is at room. is fish at garden?	no, fish is at room
fish is at room. is fish at room?	yes, fish is at room
fish has the key. what does fish have?	fish has the key
fish has the key. who has the key?	fish has the key
fish has the book. what does fish have?	fish has the book
fish has the book. who has the book?	fish has the book
fish has the ball. what does fish have?	fish has the ball
fish has the ball. who has the ball?	fish has the ball
fish has the cup. what does fish have?	fish has the cup
fish has the cup. who has the cup?	fish has the cup
fish has the box. what does fish have?	fish has the box
fish has the box. who has the box?	fish has the box
fish is happy. how is cat?	i do not know. tell me about cat
fish is happy. how is dog?	i do not know. tell me about dog
fish is happy. how is bird?	i do not know. tell me about bird
fish is happy. how is sam?	i do not know. tell me about sam
fish is happy. how is teacher?	i do not know. tell me about teacher
fish is happy. how is friend?	i do not know. tell me about friend
is fish happy?	i do not know. tell me about fish
is fish sad?	i do not know. tell me about fish
is fish hungry?	i do not know. tell me about fish
is fish tired?	i do not know. tell me about fish
is fish calm?	i do not know. tell me about fish
is fish ready?	i do not know. tell me about fish
where is fish?	i do not know where fish is
alex happy	alex is happy
alex is happy. is alex happy?	yes, alex is happy
alex is happy. is alex sad?	no, alex is happy
alex is happy. is alex hungry?	no, alex is happy
alex is happy. is alex tired?	no, alex is happy
alex is happy. is alex calm?	no, alex is happy
alex is happy. is alex ready?	no, alex is happy
alex is not happy. is alex happy?	no, alex is not happy
alex is happy. how is alex?	alex is happy
alex sad	alex is sad
alex is sad. is alex happy?	no, alex is sad
alex is sad. is alex sad?	yes, alex is sad
alex is sad. is alex hungry?	no, alex is sad
alex is sad. is alex tired?	no, alex is sad
alex is sad. is alex calm?	no, alex is sad
alex is sad. is alex ready?	no, alex is sad
alex is not sad. is alex sad?	no, alex is not sad
alex is sad. how is alex?	alex is sad
alex hungry	alex is hungry
alex is hungry. is alex happy?	no, alex is hungry
alex is hungry. is alex sad?	no, alex is hungry
alex is hungry. is alex hungry?	yes, alex is hungry
alex is hungry. is alex tired?	no, alex is hungry
alex is hungry. is alex calm?	no, alex is hungry
alex is hungry. is alex ready?	no, alex is hungry
alex is not hungry. is alex hungry?	no, alex is not hungry
alex is hungry. how is alex?	alex is hungry
alex calm	alex is calm
alex is calm. is alex happy?	no, alex is calm
alex is calm. is alex sad?	no, alex is calm
alex is calm. is alex hungry?	no, alex is calm
alex is calm. is alex tired?	no, alex is calm
alex is calm. is alex calm?	yes, alex is calm
alex is calm. is alex ready?	no, alex is calm
alex is not calm. is alex calm?	no, alex is not calm
alex is calm. how is alex?	alex is calm
alex ready	alex is ready
alex is ready. is alex happy?	no, alex is ready
alex is ready. is alex sad?	no, alex is ready
alex is ready. is alex hungry?	no, alex is ready
alex is ready. is alex tired?	no, alex is ready
alex is ready. is alex calm?	no, alex is ready
alex is ready. is alex ready?	yes, alex is ready
alex is not ready. is alex ready?	no, alex is not ready
alex is ready. how is alex?	alex is ready
alex is at home. where is alex?	you can find alex at home
alex is at home. is alex at home?	yes, alex is at home
alex is at home. is alex at school?	no, alex is at home
alex is at home. is alex at park?	no, alex is at home
alex is at home. is alex at shop?	no, alex is at home
alex is at home. is alex at garden?	no, alex is at home
alex is at home. is alex at room?	no, alex is at home
alex is at school. where is alex?	you can find alex at school
alex is at school. is alex at home?	no, alex is at school
alex is at school. is alex at school?	yes, alex is at school
alex is at school. is alex at park?	no, alex is at school
alex is at school. is alex at shop?	no, alex is at school
alex is at school. is alex at garden?	no, alex is at school
alex is at school. is alex at room?	no, alex is at school
alex is at park. where is alex?	you can find alex at park
alex is at park. is alex at home?	no, alex is at park
alex is at park. is alex at school?	no, alex is at park
alex is at park. is alex at park?	yes, alex is at park
alex is at park. is alex at shop?	no, alex is at park
alex is at park. is alex at garden?	no, alex is at park
alex is at park. is alex at room?	no, alex is at park
alex is at garden. where is alex?	you can find alex at garden
alex is at garden. is alex at home?	no, alex is at garden
alex is at garden. is alex at school?	no, alex is at garden
alex is at garden. is alex at park?	no, alex is at garden
alex is at garden. is alex at shop?	no, alex is at garden
alex is at garden. is alex at garden?	yes, alex is at garden
alex is at garden. is alex at room?	no, alex is at garden
alex is at room. where is alex?	you can find alex at room
alex is at room. is alex at home?	no, alex is at room
alex is at room. is alex at school?	no, alex is at room
alex is at room. is alex at park?	no, alex is at room
alex is at room. is alex at shop?	no, alex is at room
alex is at room. is alex at garden?	no, alex is at room
alex is at room. is alex at room?	yes, alex is at room
alex has the key. what does alex have?	alex has the key
alex has the key. who has the key?	alex has the key
alex has the book. what does alex have?	alex has the book
alex has the book. who has the book?	alex has the book
alex has the ball. what does alex have?	alex has the ball
alex has the ball. who has the ball?	alex has the ball
alex has the bag. what does alex have?	alex has the bag
alex has the bag. who has the bag?	alex has the bag
alex has the box. what does alex have?	alex has the box
alex has the box. who has the box?	alex has the box
alex is happy. how is cat?	i do not know. tell me about cat
alex is happy. how is dog?	i do not know. tell me about dog
alex is happy. how is bird?	i do not know. tell me about bird
alex is happy. how is sam?	i do not know. tell me about sam
alex is happy. how is teacher?	i do not know. tell me about teacher
alex is happy. how is friend?	i do not know. tell me about friend
is alex happy?	i do not know. tell me about alex
is alex sad?	i do not know. tell me about alex
is alex hungry?	i do not know. tell me about alex
is alex tired?	i do not know. tell me about alex
is alex calm?	i do not know. tell me about alex
is alex ready?	i do not know. tell me about alex
where is alex?	i do not know where alex is
sam happy	sam is happy
sam is happy. is sam happy?	yes, sam is happy
sam is happy. is sam sad?	no, sam is happy
sam is happy. is sam hungry?	no, sam is happy
sam is happy. is sam tired?	no, sam is happy
sam is happy. is sam calm?	no, sam is happy
sam is happy. is sam ready?	no, sam is happy
sam is not happy. is sam happy?	no, sam is not happy
sam is happy. how is sam?	sam is happy
sam sad	sam is sad
sam is sad. is sam happy?	no, sam is sad
sam is sad. is sam sad?	yes, sam is sad
sam is sad. is sam hungry?	no, sam is sad
sam is sad. is sam tired?	no, sam is sad
sam is sad. is sam calm?	no, sam is sad
sam is sad. is sam ready?	no, sam is sad
sam is not sad. is sam sad?	no, sam is not sad
sam is sad. how is sam?	sam is sad
sam tired	sam is tired
sam is tired. is sam happy?	no, sam is tired
sam is tired. is sam sad?	no, sam is tired
sam is tired. is sam hungry?	no, sam is tired
sam is tired. is sam tired?	yes, sam is tired
sam is tired. is sam calm?	no, sam is tired
sam is tired. is sam ready?	no, sam is tired
sam is not tired. is sam tired?	no, sam is not tired
sam is tired. how is sam?	sam is tired
sam calm	sam is calm
sam is calm. is sam happy?	no, sam is calm
sam is calm. is sam sad?	no, sam is calm
sam is calm. is sam hungry?	no, sam is calm
sam is calm. is sam tired?	no, sam is calm
sam is calm. is sam calm?	yes, sam is calm
sam is calm. is sam ready?	no, sam is calm
sam is not calm. is sam calm?	no, sam is not calm
sam is calm. how is sam?	sam is calm
sam ready	sam is ready
sam is ready. is sam happy?	no, sam is ready
sam is ready. is sam sad?	no, sam is ready
sam is ready. is sam hungry?	no, sam is ready
sam is ready. is sam tired?	no, sam is ready
sam is ready. is sam calm?	no, sam is ready
sam is ready. is sam ready?	yes, sam is ready
sam is not ready. is sam ready?	no, sam is not ready
sam is ready. how is sam?	sam is ready
sam is at home. where is sam?	you can find sam at home
sam is at home. is sam at home?	yes, sam is at home
sam is at home. is sam at school?	no, sam is at home
sam is at home. is sam at park?	no, sam is at home
sam is at home. is sam at shop?	no, sam is at home
sam is at home. is sam at garden?	no, sam is at home
sam is at home. is sam at room?	no, sam is at home
sam is at school. where is sam?	you can find sam at school
sam is at school. is sam at home?	no, sam is at school
sam is at school. is sam at school?	yes, sam is at school
sam is at school. is sam at park?	no, sam is at school
sam is at school. is sam at shop?	no, sam is at school
sam is at school. is sam at garden?	no, sam is at school
sam is at school. is sam at room?	no, sam is at school
sam is at shop. where is sam?	you can find sam at shop
sam is at shop. is sam at home?	no, sam is at shop
sam is at shop. is sam at school?	no, sam is at shop
sam is at shop. is sam at park?	no, sam is at shop
sam is at shop. is sam at shop?	yes, sam is at shop
sam is at shop. is sam at garden?	no, sam is at shop
sam is at shop. is sam at room?	no, sam is at shop
sam is at garden. where is sam?	you can find sam at garden
sam is at garden. is sam at home?	no, sam is at garden
sam is at garden. is sam at school?	no, sam is at garden
sam is at garden. is sam at park?	no, sam is at garden
sam is at garden. is sam at shop?	no, sam is at garden
sam is at garden. is sam at garden?	yes, sam is at garden
sam is at garden. is sam at room?	no, sam is at garden
sam is at room. where is sam?	you can find sam at room
sam is at room. is sam at home?	no, sam is at room
sam is at room. is sam at school?	no, sam is at room
sam is at room. is sam at park?	no, sam is at room
sam is at room. is sam at shop?	no, sam is at room
sam is at room. is sam at garden?	no, sam is at room
sam is at room. is sam at room?	yes, sam is at room
sam has the key. what does sam have?	sam has the key
sam has the key. who has the key?	sam has the key
sam has the book. what does sam have?	sam has the book
sam has the book. who has the book?	sam has the book
sam has the cup. what does sam have?	sam has the cup
sam has the cup. who has the cup?	sam has the cup
sam has the bag. what does sam have?	sam has the bag
sam has the bag. who has the bag?	sam has the bag
sam has the box. what does sam have?	sam has the box
sam has the box. who has the box?	sam has the box
sam is happy. how is cat?	i do not know. tell me about cat
sam is happy. how is dog?	i do not know. tell me about dog
sam is happy. how is fish?	i do not know. tell me about fish
sam is happy. how is alex?	i do not know. tell me about alex
sam is happy. how is teacher?	i do not know. tell me about teacher
sam is happy. how is friend?	i do not know. tell me about friend
is sam happy?	i do not know. tell me about sam
is sam sad?	i do not know. tell me about sam
is sam hungry?	i do not know. tell me about sam
is sam tired?	i do not know. tell me about sam
is sam calm?	i do not know. tell me about sam
is sam ready?	i do not know. tell me about sam
where is sam?	i do not know where sam is
teacher happy	teacher is happy
teacher is happy. is teacher happy?	yes, teacher is happy
teacher is happy. is teacher sad?	no, teacher is happy
teacher is happy. is teacher hungry?	no, teacher is happy
teacher is happy. is teacher tired?	no, teacher is happy
teacher is happy. is teacher calm?	no, teacher is happy
teacher is happy. is teacher ready?	no, teacher is happy
teacher is not happy. is teacher happy?	no, teacher is not happy
teacher is happy. how is teacher?	teacher is happy
teacher hungry	teacher is hungry
teacher is hungry. is teacher happy?	no, teacher is hungry
teacher is hungry. is teacher sad?	no, teacher is hungry
teacher is hungry. is teacher hungry?	yes, teacher is hungry
teacher is hungry. is teacher tired?	no, teacher is hungry
teacher is hungry. is teacher calm?	no, teacher is hungry
teacher is hungry. is teacher ready?	no, teacher is hungry
teacher is not hungry. is teacher hungry?	no, teacher is not hungry
teacher is hungry. how is teacher?	teacher is hungry
teacher tired	teacher is tired
teacher is tired. is teacher happy?	no, teacher is tired
teacher is tired. is teacher sad?	no, teacher is tired
teacher is tired. is teacher hungry?	no, teacher is tired
teacher is tired. is teacher tired?	yes, teacher is tired
teacher is tired. is teacher calm?	no, teacher is tired
teacher is tired. is teacher ready?	no, teacher is tired
teacher is not tired. is teacher tired?	no, teacher is not tired
teacher is tired. how is teacher?	teacher is tired
teacher calm	teacher is calm
teacher is calm. is teacher happy?	no, teacher is calm
teacher is calm. is teacher sad?	no, teacher is calm
teacher is calm. is teacher hungry?	no, teacher is calm
teacher is calm. is teacher tired?	no, teacher is calm
teacher is calm. is teacher calm?	yes, teacher is calm
teacher is calm. is teacher ready?	no, teacher is calm
teacher is not calm. is teacher calm?	no, teacher is not calm
teacher is calm. how is teacher?	teacher is calm
teacher ready	teacher is ready
teacher is ready. is teacher happy?	no, teacher is ready
teacher is ready. is teacher sad?	no, teacher is ready
teacher is ready. is teacher hungry?	no, teacher is ready
teacher is ready. is teacher tired?	no, teacher is ready
teacher is ready. is teacher calm?	no, teacher is ready
teacher is ready. is teacher ready?	yes, teacher is ready
teacher is not ready. is teacher ready?	no, teacher is not ready
teacher is ready. how is teacher?	teacher is ready
teacher is at home. where is teacher?	you can find teacher at home
teacher is at home. is teacher at home?	yes, teacher is at home
teacher is at home. is teacher at school?	no, teacher is at home
teacher is at home. is teacher at park?	no, teacher is at home
teacher is at home. is teacher at shop?	no, teacher is at home
teacher is at home. is teacher at garden?	no, teacher is at home
teacher is at home. is teacher at room?	no, teacher is at home
teacher is at park. where is teacher?	you can find teacher at park
teacher is at park. is teacher at home?	no, teacher is at park
teacher is at park. is teacher at school?	no, teacher is at park
teacher is at park. is teacher at park?	yes, teacher is at park
teacher is at park. is teacher at shop?	no, teacher is at park
teacher is at park. is teacher at garden?	no, teacher is at park
teacher is at park. is teacher at room?	no, teacher is at park
teacher is at shop. where is teacher?	you can find teacher at shop
teacher is at shop. is teacher at home?	no, teacher is at shop
teacher is at shop. is teacher at school?	no, teacher is at shop
teacher is at shop. is teacher at park?	no, teacher is at shop
teacher is at shop. is teacher at shop?	yes, teacher is at shop
teacher is at shop. is teacher at garden?	no, teacher is at shop
teacher is at shop. is teacher at room?	no, teacher is at shop
teacher is at garden. where is teacher?	you can find teacher at garden
teacher is at garden. is teacher at home?	no, teacher is at garden
teacher is at garden. is teacher at school?	no, teacher is at garden
teacher is at garden. is teacher at park?	no, teacher is at garden
teacher is at garden. is teacher at shop?	no, teacher is at garden
teacher is at garden. is teacher at garden?	yes, teacher is at garden
teacher is at garden. is teacher at room?	no, teacher is at garden
teacher is at room. where is teacher?	you can find teacher at room
teacher is at room. is teacher at home?	no, teacher is at room
teacher is at room. is teacher at school?	no, teacher is at room
teacher is at room. is teacher at park?	no, teacher is at room
teacher is at room. is teacher at shop?	no, teacher is at room
teacher is at room. is teacher at garden?	no, teacher is at room
teacher is at room. is teacher at room?	yes, teacher is at room
teacher has the key. what does teacher have?	teacher has the key
teacher has the key. who has the key?	teacher has the key
teacher has the ball. what does teacher have?	teacher has the ball
teacher has the ball. who has the ball?	teacher has the ball
teacher has the cup. what does teacher have?	teacher has the cup
teacher has the cup. who has the cup?	teacher has the cup
teacher has the bag. what does teacher have?	teacher has the bag
teacher has the bag. who has the bag?	teacher has the bag
teacher has the box. what does teacher have?	teacher has the box
teacher has the box. who has the box?	teacher has the box
teacher is happy. how is cat?	i do not know. tell me about cat
teacher is happy. how is bird?	i do not know. tell me about bird
teacher is happy. how is fish?	i do not know. tell me about fish
teacher is happy. how is alex?	i do not know. tell me about alex
teacher is happy. how is sam?	i do not know. tell me about sam
teacher is happy. how is friend?	i do not know. tell me about friend
is teacher happy?	i do not know. tell me about teacher
is teacher sad?	i do not know. tell me about teacher
is teacher hungry?	i do not know. tell me about teacher
is teacher tired?	i do not know. tell me about teacher
is teacher calm?	i do not know. tell me about teacher
is teacher ready?	i do not know. tell me about teacher
where is teacher?	i do not know where teacher is
friend sad	friend is sad
friend is sad. is friend happy?	no, friend is sad
friend is sad. is friend sad?	yes, friend is sad
friend is sad. is friend hungry?	no, friend is sad
friend is sad. is friend tired?	no, friend is sad
friend is sad. is friend calm?	no, friend is sad
friend is sad. is friend ready?	no, friend is sad
friend is not sad. is friend sad?	no, friend is not sad
friend is sad. how is friend?	friend is sad
friend hungry	friend is hungry
friend is hungry. is friend happy?	no, friend is hungry
friend is hungry. is friend sad?	no, friend is hungry
friend is hungry. is friend hungry?	yes, friend is hungry
friend is hungry. is friend tired?	no, friend is hungry
friend is hungry. is friend calm?	no, friend is hungry
friend is hungry. is friend ready?	no, friend is hungry
friend is not hungry. is friend hungry?	no, friend is not hungry
friend is hungry. how is friend?	friend is hungry
friend tired	friend is tired
friend is tired. is friend happy?	no, friend is tired
friend is tired. is friend sad?	no, friend is tired
friend is tired. is friend hungry?	no, friend is tired
friend is tired. is friend tired?	yes, friend is tired
friend is tired. is friend calm?	no, friend is tired
friend is tired. is friend ready?	no, friend is tired
friend is not tired. is friend tired?	no, friend is not tired
friend is tired. how is friend?	friend is tired
friend calm	friend is calm
friend is calm. is friend happy?	no, friend is calm
friend is calm. is friend sad?	no, friend is calm
friend is calm. is friend hungry?	no, friend is calm
friend is calm. is friend tired?	no, friend is calm
friend is calm. is friend calm?	yes, friend is calm
friend is calm. is friend ready?	no, friend is calm
friend is not calm. is friend calm?	no, friend is not calm
friend is calm. how is friend?	friend is calm
friend ready	friend is ready
friend is ready. is friend happy?	no, friend is ready
friend is ready. is friend sad?	no, friend is ready
friend is ready. is friend hungry?	no, friend is ready
friend is ready. is friend tired?	no, friend is ready
friend is ready. is friend calm?	no, friend is ready
friend is ready. is friend ready?	yes, friend is ready
friend is not ready. is friend ready?	no, friend is not ready
friend is ready. how is friend?	friend is ready
friend is at school. where is friend?	you can find friend at school
friend is at school. is friend at home?	no, friend is at school
friend is at school. is friend at school?	yes, friend is at school
friend is at school. is friend at park?	no, friend is at school
friend is at school. is friend at shop?	no, friend is at school
friend is at school. is friend at garden?	no, friend is at school
friend is at school. is friend at room?	no, friend is at school
friend is at park. where is friend?	you can find friend at park
friend is at park. is friend at home?	no, friend is at park
friend is at park. is friend at school?	no, friend is at park
friend is at park. is friend at park?	yes, friend is at park
friend is at park. is friend at shop?	no, friend is at park
friend is at park. is friend at garden?	no, friend is at park
friend is at park. is friend at room?	no, friend is at park
friend is at shop. where is friend?	you can find friend at shop
friend is at shop. is friend at home?	no, friend is at shop
friend is at shop. is friend at school?	no, friend is at shop
friend is at shop. is friend at park?	no, friend is at shop
friend is at shop. is friend at shop?	yes, friend is at shop
friend is at shop. is friend at garden?	no, friend is at shop
friend is at shop. is friend at room?	no, friend is at shop
friend is at garden. where is friend?	you can find friend at garden
friend is at garden. is friend at home?	no, friend is at garden
friend is at garden. is friend at school?	no, friend is at garden
friend is at garden. is friend at park?	no, friend is at garden
friend is at garden. is friend at shop?	no, friend is at garden
friend is at garden. is friend at garden?	yes, friend is at garden
friend is at garden. is friend at room?	no, friend is at garden
friend is at room. where is friend?	you can find friend at room
friend is at room. is friend at home?	no, friend is at room
friend is at room. is friend at school?	no, friend is at room
friend is at room. is friend at park?	no, friend is at room
friend is at room. is friend at shop?	no, friend is at room
friend is at room. is friend at garden?	no, friend is at room
friend is at room. is friend at room?	yes, friend is at room
friend has the book. what does friend have?	friend has the book
friend has the book. who has the book?	friend has the book
friend has the ball. what does friend have?	friend has the ball
friend has the ball. who has the ball?	friend has the ball
friend has the cup. what does friend have?	friend has the cup
friend has the cup. who has the cup?	friend has the cup
friend has the bag. what does friend have?	friend has the bag
friend has the bag. who has the bag?	friend has the bag
friend has the box. what does friend have?	friend has the box
friend has the box. who has the box?	friend has the box
friend is happy. how is dog?	i do not know. tell me about dog
friend is happy. how is bird?	i do not know. tell me about bird
friend is happy. how is fish?	i do not know. tell me about fish
friend is happy. how is alex?	i do not know. tell me about alex
friend is happy. how is sam?	i do not know. tell me about sam
friend is happy. how is teacher?	i do not know. tell me about teacher
is friend happy?	i do not know. tell me about friend
is friend sad?	i do not know. tell me about friend
is friend hungry?	i do not know. tell me about friend
is friend tired?	i do not know. tell me about friend
is friend calm?	i do not know. tell me about friend
is friend ready?	i do not know. tell me about friend
where is friend?	i do not know where friend is
the key is blue. what color is the key?	the key is blue
the key is blue. is the key blue?	yes, the key is blue
the key is not blue. is the key blue?	no, the key is not blue
the key is green. what color is the key?	the key is green
the key is green. is the key green?	yes, the key is green
the key is not green. is the key green?	no, the key is not green
the key is white. what color is the key?	the key is white
the key is white. is the key white?	yes, the key is white
the key is not white. is the key white?	no, the key is not white
the book is red. what color is the book?	the book is red
the book is red. is the book red?	yes, the book is red
the book is not red. is the book red?	no, the book is not red
the book is blue. what color is the book?	the book is blue
the book is blue. is the book blue?	yes, the book is blue
the book is not blue. is the book blue?	no, the book is not blue
the book is green. what color is the book?	the book is green
the book is green. is the book green?	yes, the book is green
the book is not green. is the book green?	no, the book is not green
the book is white. what color is the book?	the book is white
the book is white. is the book white?	yes, the book is white
the book is not white. is the book white?	no, the book is not white
the ball is red. what color is the ball?	the ball is red
the ball is red. is the ball red?	yes, the ball is red
the ball is not red. is the ball red?	no, the ball is not red
the ball is blue. what color is the ball?	the ball is blue
the ball is blue. is the ball blue?	yes, the ball is blue
the ball is not blue. is the ball blue?	no, the ball is not blue
the ball is green. what color is the ball?	the ball is green
the ball is green. is the ball green?	yes, the ball is green
the ball is not green. is the ball green?	no, the ball is not green
the ball is white. what color is the ball?	the ball is white
the ball is white. is the ball white?	yes, the ball is white
the ball is not white. is the ball white?	no, the ball is not white
the cup is red. what color is the cup?	the cup is red
the cup is red. is the cup red?	yes, the cup is red
the cup is not red. is the cup red?	no, the cup is not red
the cup is blue. what color is the cup?	the cup is blue
the cup is blue. is the cup blue?	yes, the cup is blue
the cup is not blue. is the cup blue?	no, the cup is not blue
the cup is green. what color is the cup?	the cup is green
the cup is green. is the cup green?	yes, the cup is green
the cup is not green. is the cup green?	no, the cup is not green
the cup is white. what color is the cup?	the cup is white
the cup is white. is the cup white?	yes, the cup is white
the cup is not white. is the cup white?	no, the cup is not white
the bag is red. what color is the bag?	the bag is red
the bag is red. is the bag red?	yes, the bag is red
the bag is not red. is the bag red?	no, the bag is not red
the bag is blue. what color is the bag?	the bag is blue
the bag is blue. is the bag blue?	yes, the bag is blue
the bag is not blue. is the bag blue?	no, the bag is not blue
the bag is green. what color is the bag?	the bag is green
the bag is green. is the bag green?	yes, the bag is green
the bag is not green. is the bag green?	no, the bag is not green
the box is red. what color is the box?	the box is red
the box is red. is the box red?	yes, the box is red
the box is not red. is the box red?	no, the box is not red
the box is blue. what color is the box?	the box is blue
the box is blue. is the box blue?	yes, the box is blue
the box is not blue. is the box blue?	no, the box is not blue
the box is white. what color is the box?	the box is white
the box is white. is the box white?	yes, the box is white
the box is not white. is the box white?	no, the box is not white
i am hungry	take a break and eat some food
i am hungry. what can i do?	take a break and eat some food
i am thirsty	take a break and drink some water
i am thirsty. what can i do?	take a break and drink some water
i am tired	find a quiet place and rest
i am tired. what can i do?	find a quiet place and rest
i am cold	wear a warm coat and go inside
i am cold. what can i do?	wear a warm coat and go inside
i am lost	ask for help to find your way home
i am lost. what can i do?	ask for help to find your way home
i am sad	talk to a friend. you are not alone
i am sad. what can i do?	talk to a friend. you are not alone
say in cat: hello	meow
translate to cat: hello	meow
translate to english: meow	hello
what does meow mean?	hello
say in cat: goodbye	mew
translate to cat: goodbye	mew
translate to english: mew	goodbye
what does mew mean?	goodbye
say in cat: yes	purr
translate to cat: yes	purr
translate to english: purr	yes
what does purr mean?	yes
say in cat: no	hiss
translate to cat: no	hiss
translate to english: hiss	no
what does hiss mean?	no
say in cat: thank you	purr purr
translate to cat: thank you	purr purr
translate to english: purr purr	thank you
what does purr purr mean?	thank you
say in cat: good morning	meow sun
translate to cat: good morning	meow sun
translate to english: meow sun	good morning
what does meow sun mean?	good morning
say in cat: good night	meow moon
translate to cat: good night	meow moon
translate to english: meow moon	good night
what does meow moon mean?	good night
hello friend. it is good to see you	good it is
Hello friend. it is good to see you	good it is
hello friend it is good to see you	good it is
good it is	it is good
Good it is	it is good
it is good	yes, so good
It is good	yes, so good
yes, so good	a good day to talk
Yes, so good	a good day to talk
yes so good	a good day to talk
a good day to talk	let us talk friend
A good day to talk	let us talk friend
let us talk friend	what is on your mind?
Let us talk friend	what is on your mind?
what is on your mind?	a quiet day at home
What is on your mind?	a quiet day at home
what is on your mind	a quiet day at home
a quiet day at home	home is a good place
A quiet day at home	home is a good place
home is a good place	a good place to rest
Home is a good place	a good place to rest
a good place to rest	rest and dream a little
A good place to rest	rest and dream a little
rest and dream a little	i dream of a green garden
Rest and dream a little	i dream of a green garden
i dream of a green garden	a bird sings in the garden
I dream of a green garden	a bird sings in the garden
a bird sings in the garden	a little song brings peace
A bird sings in the garden	a little song brings peace
a little song brings peace	peace to you my friend
A little song brings peace	peace to you my friend
peace to you my friend	thank you for the kind words
Peace to you my friend	thank you for the kind words
thank you for the kind words	kind words make a good day
Thank you for the kind words	kind words make a good day
kind words make a good day	good it is
Kind words make a good day	good it is
yes indeed	it is good
Yes indeed	it is good
no indeed	let us talk friend
No indeed	let us talk friend
peace to you	peace to you my friend
Peace to you	peace to you my friend
i am fine thank you	a good day to talk
I am fine thank you	a good day to talk
you are welcome. i am happy to help	thank you for the kind words
You are welcome. i am happy to help	thank you for the kind words
you are welcome i am happy to help	thank you for the kind words
friend	good it is
it	good it is
is	good it is
good	good it is
to	good it is
see	good it is
you	good it is
hello friend	good it is
hello it	good it is
hello is	good it is
hello good	good it is
hello to	good it is
hello see	good it is
hello you	good it is
friend it	good it is
friend is	good it is
friend good	good it is
friend to	good it is
friend see	good it is
friend you	good it is
it is	good it is
it good	good it is
it to	good it is
it see	good it is
it you	good it is
is good	good it is
is to	good it is
is see	good it is
is you	good it is
good to	good it is
good see	good it is
good you	good it is
to see	good it is
to you	good it is
see you	good it is
hello friend it	good it is
hello friend is	good it is
hello friend good	good it is
hello friend to	good it is
hello friend see	good it is
hello friend you	good it is
hello it is	good it is
hello it good	good it is
hello it to	good it is
hello it see	good it is
hello it you	good it is
hello is good	good it is
hello is to	good it is
hello is see	good it is
hello is you	good it is
hello good to	good it is
hello good see	good it is
hello good you	good it is
hello to see	good it is
hello to you	good it is
hello see you	good it is
friend it is	good it is
friend it good	good it is
friend it to	good it is
friend it see	good it is
friend it you	good it is
friend is good	good it is
friend is to	good it is
friend is see	good it is
friend is you	good it is
friend good to	good it is
friend good see	good it is
friend good you	good it is
friend to see	good it is
friend to you	good it is
friend see you	good it is
it is to	good it is
it is see	good it is
it is you	good it is
it good to	good it is
it good see	good it is
it good you	good it is
it to see	good it is
it to you	good it is
it see you	good it is
is good to	good it is
is good see	good it is
is good you	good it is
is to see	good it is
is to you	good it is
is see you	good it is
good to see	good it is
good to you	good it is
good see you	good it is
to see you	good it is
good it	it is good
good is	it is good
so	a good day to talk
yes so	a good day to talk
yes good	a good day to talk
so good	a good day to talk
a	let us talk friend
day	let us talk friend
talk	let us talk friend
a good	let us talk friend
a day	let us talk friend
a to	let us talk friend
a talk	let us talk friend
good day	let us talk friend
good talk	let us talk friend
day to	let us talk friend
day talk	let us talk friend
to talk	let us talk friend
a good day	let us talk friend
a good to	let us talk friend
a good talk	let us talk friend
a day to	let us talk friend
a day talk	let us talk friend
a to talk	let us talk friend
good day to	let us talk friend
good day talk	let us talk friend
good to talk	let us talk friend
day to talk	let us talk friend
let	what is on your mind?
us	what is on your mind?
let us	what is on your mind?
let talk	what is on your mind?
let friend	what is on your mind?
us talk	what is on your mind?
us friend	what is on your mind?
talk friend	what is on your mind?
let us talk	what is on your mind?
let us friend	what is on your mind?
let talk friend	what is on your mind?
us talk friend	what is on your mind?
what	a quiet day at home
on	a quiet day at home
your	a quiet day at home
mind	a quiet day at home
what is	a quiet day at home
what on	a quiet day at home
what your	a quiet day at home
what mind	a quiet day at home
is on	a quiet day at home
is your	a quiet day at home
is mind	a quiet day at home
on your	a quiet day at home
on mind	a quiet day at home
your mind	a quiet day at home
what is on	a quiet day at home
what is your	a quiet day at home
what is mind	a quiet day at home
what on your	a quiet day at home
what on mind	a quiet day at home
what your mind	a quiet day at home
is on your	a quiet day at home
is on mind	a quiet day at home
is your mind	a quiet day at home
on your mind	a quiet day at home
quiet	home is a good place
at	home is a good place
home	home is a good place
a quiet	home is a good place
a at	home is a good place
a home	home is a good place
quiet day	home is a good place
quiet at	home is a good place
quiet home	home is a good place
day at	home is a good place
day home	home is a good place
at home	home is a good place
a quiet day	home is a good place
a quiet at	home is a good place
a quiet home	home is a good place
a day at	home is a good place
a day home	home is a good place
a at home	home is a good place
quiet day at	home is a good place
quiet day home	home is a good place
quiet at home	home is a good place
day at home	home is a good place
place	a good place to rest
home is	a good place to rest
home a	a good place to rest
home good	a good place to rest
home place	a good place to rest
is a	a good place to rest
is place	a good place to rest
a place	a good place to rest
good place	a good place to rest
home is a	a good place to rest
home is good	a good place to rest
home is place	a good place to rest
home a good	a good place to rest
home a place	a good place to rest
home good place	a good place to rest
is a good	a good place to rest
is a place	a good place to rest
is good place	a good place to rest
a good place	a good place to rest
rest	rest and dream a little
a rest	rest and dream a little
good rest	rest and dream a little
place to	rest and dream a little
place rest	rest and dream a little
to rest	rest and dream a little
a good rest	rest and dream a little
a place to	rest and dream a little
a place rest	rest and dream a little
a to rest	rest and dream a little
good place to	rest and dream a little
good place rest	rest and dream a little
good to rest	rest and dream a little
place to rest	rest and dream a little
and	i dream of a green garden
dream	i dream of a green garden
little	i dream of a green garden
rest and	i dream of a green garden
rest dream	i dream of a green garden
rest a	i dream of a green garden
rest little	i dream of a green garden
and dream	i dream of a green garden
and a	i dream of a green garden
and little	i dream of a green garden
dream a	i dream of a green garden
dream little	i dream of a green garden
a little	i dream of a green garden
rest and dream	i dream of a green garden
rest and a	i dream of a green garden
rest and little	i dream of a green garden
rest dream a	i dream of a green garden
rest dream little	i dream of a green garden
rest a little	i dream of a green garden
and dream a	i dream of a green garden
and dream little	i dream of a green garden
and a little	i dream of a green garden
dream a little	i dream of a green garden
i	a bird sings in the garden
of	a bird sings in the garden
green	a bird sings in the garden
garden	a bird sings in the garden
i dream	a bird sings in the garden
i of	a bird sings in the garden
i a	a bird sings in the garden
i green	a bird sings in the garden
i garden	a bird sings in the garden
dream of	a bird sings in the garden
dream green	a bird sings in the garden
dream garden	a bird sings in the garden
of a	a bird sings in the garden
of green	a bird sings in the garden
of garden	a bird sings in the garden
a green	a bird sings in the garden
a garden	a bird sings in the garden
green garden	a bird sings in the garden
i dream of	a bird sings in the garden
i dream a	a bird sings in the garden
i dream green	a bird sings in the garden
i dream garden	a bird sings in the garden
i of a	a bird sings in the garden
i of green	a bird sings in the garden
i of garden	a bird sings in the garden
i a green	a bird sings in the garden
i a garden	a bird sings in the garden
i green garden	a bird sings in the garden
dream of a	a bird sings in the garden
dream of green	a bird sings in the garden
dream of garden	a bird sings in the garden
dream a green	a bird sings in the garden
dream a garden	a bird sings in the garden
dream green garden	a bird sings in the garden
of a green	a bird sings in the garden
of a garden	a bird sings in the garden
of green garden	a bird sings in the garden
a green garden	a bird sings in the garden
bird	a little song brings peace
sings	a little song brings peace
in	a little song brings peace
the	a little song brings peace
a bird	a little song brings peace
a sings	a little song brings peace
a in	a little song brings peace
a the	a little song brings peace
bird sings	a little song brings peace
bird in	a little song brings peace
bird the	a little song brings peace
bird garden	a little song brings peace
sings in	a little song brings peace
sings the	a little song brings peace
sings garden	a little song brings peace
in the	a little song brings peace
in garden	a little song brings peace
the garden	a little song brings peace
a bird sings	a little song brings peace
a bird in	a little song brings peace
a bird the	a little song brings peace
a bird garden	a little song brings peace
a sings in	a little song brings peace
a sings the	a little song brings peace
a sings garden	a little song brings peace
a in the	a little song brings peace
a in garden	a little song brings peace
a the garden	a little song brings peace
bird sings in	a little song brings peace
bird sings the	a little song brings peace
bird sings garden	a little song brings peace
bird in the	a little song brings peace
bird in garden	a little song brings peace
bird the garden	a little song brings peace
sings in the	a little song brings peace
sings in garden	a little song brings peace
sings the garden	a little song brings peace
in the garden	a little song brings peace
song	peace to you my friend
brings	peace to you my friend
a song	peace to you my friend
a brings	peace to you my friend
a peace	peace to you my friend
little song	peace to you my friend
little brings	peace to you my friend
little peace	peace to you my friend
song brings	peace to you my friend
song peace	peace to you my friend
brings peace	peace to you my friend
a little song	peace to you my friend
a little brings	peace to you my friend
a little peace	peace to you my friend
a song brings	peace to you my friend
a song peace	peace to you my friend
a brings peace	peace to you my friend
little song brings	peace to you my friend
little song peace	peace to you my friend
little brings peace	peace to you my friend
song brings peace	peace to you my friend
my	thank you for the kind words
peace to	thank you for the kind words
peace you	thank you for the kind words
peace my	thank you for the kind words
peace friend	thank you for the kind words
to my	thank you for the kind words
to friend	thank you for the kind words
you my	thank you for the kind words
you friend	thank you for the kind words
my friend	thank you for the kind words
peace to my	thank you for the kind words
peace to friend	thank you for the kind words
peace you my	thank you for the kind words
peace you friend	thank you for the kind words
peace my friend	thank you for the kind words
to you my	thank you for the kind words
to you friend	thank you for the kind words
to my friend	thank you for the kind words
you my friend	thank you for the kind words
thank	kind words make a good day
for	kind words make a good day
kind	kind words make a good day
words	kind words make a good day
thank for	kind words make a good day
thank the	kind words make a good day
thank kind	kind words make a good day
thank words	kind words make a good day
you for	kind words make a good day
you the	kind words make a good day
you kind	kind words make a good day
you words	kind words make a good day
for the	kind words make a good day
for kind	kind words make a good day
for words	kind words make a good day
the kind	kind words make a good day
the words	kind words make a good day
kind words	kind words make a good day
thank you for	kind words make a good day
thank you the	kind words make a good day
thank you kind	kind words make a good day
thank you words	kind words make a good day
thank for the	kind words make a good day
thank for kind	kind words make a good day
thank for words	kind words make a good day
thank the kind	kind words make a good day
thank the words	kind words make a good day
thank kind words	kind words make a good day
you for the	kind words make a good day
you for kind	kind words make a good day
you for words	kind words make a good day
you the kind	kind words make a good day
you the words	kind words make a good day
you kind words	kind words make a good day
for the kind	kind words make a good day
for the words	kind words make a good day
for kind words	kind words make a good day
the kind words	kind words make a good day
make	good it is
kind make	good it is
kind a	good it is
kind good	good it is
kind day	good it is
words make	good it is
words a	good it is
words good	good it is
words day	good it is
make a	good it is
make good	good it is
make day	good it is
kind words make	good it is
kind words a	good it is
kind words good	good it is
kind words day	good it is
kind make a	good it is
kind make good	good it is
kind make day	good it is
kind a good	good it is
kind a day	good it is
kind good day	good it is
words make a	good it is
words make good	good it is
words make day	good it is
words a good	good it is
words a day	good it is
words good day	good it is
make a good	good it is
make a day	good it is
make good day	good it is
indeed	it is good
am	a good day to talk
fine	a good day to talk
i am	a good day to talk
i fine	a good day to talk
i thank	a good day to talk
i you	a good day to talk
am fine	a good day to talk
am thank	a good day to talk
am you	a good day to talk
fine thank	a good day to talk
fine you	a good day to talk
i am fine	a good day to talk
i am thank	a good day to talk
i am you	a good day to talk
i fine thank	a good day to talk
i fine you	a good day to talk
i thank you	a good day to talk
am fine thank	a good day to talk
am fine you	a good day to talk
am thank you	a good day to talk
fine thank you	a good day to talk
are	thank you for the kind words
welcome	thank you for the kind words
happy	thank you for the kind words
you are	thank you for the kind words
you welcome	thank you for the kind words
you i	thank you for the kind words
you am	thank you for the kind words
you happy	thank you for the kind words
you to	thank you for the kind words
you help	thank you for the kind words
are welcome	thank you for the kind words
are i	thank you for the kind words
are am	thank you for the kind words
are happy	thank you for the kind words
are to	thank you for the kind words
are help	thank you for the kind words
welcome i	thank you for the kind words
welcome am	thank you for the kind words
welcome happy	thank you for the kind words
welcome to	thank you for the kind words
welcome help	thank you for the kind words
i happy	thank you for the kind words
i to	thank you for the kind words
i help	thank you for the kind words
am happy	thank you for the kind words
am to	thank you for the kind words
am help	thank you for the kind words
happy to	thank you for the kind words
happy help	thank you for the kind words
to help	thank you for the kind words
you are welcome	thank you for the kind words
you are i	thank you for the kind words
you are am	thank you for the kind words
you are happy	thank you for the kind words
you are to	thank you for the kind words
you are help	thank you for the kind words
you welcome i	thank you for the kind words
you welcome am	thank you for the kind words
you welcome happy	thank you for the kind words
you welcome to	thank you for the kind words
you welcome help	thank you for the kind words
you i am	thank you for the kind words
you i happy	thank you for the kind words
you i to	thank you for the kind words
you i help	thank you for the kind words
you am happy	thank you for the kind words
you am to	thank you for the kind words
you am help	thank you for the kind words
you happy to	thank you for the kind words
you happy help	thank you for the kind words
you to help	thank you for the kind words
are welcome i	thank you for the kind words
are welcome am	thank you for the kind words
are welcome happy	thank you for the kind words
are welcome to	thank you for the kind words
are welcome help	thank you for the kind words
are i am	thank you for the kind words
are i happy	thank you for the kind words
are i to	thank you for the kind words
are i help	thank you for the kind words
are am happy	thank you for the kind words
are am to	thank you for the kind words
are am help	thank you for the kind words
are happy to	thank you for the kind words
are happy help	thank you for the kind words
are to help	thank you for the kind words
welcome i am	thank you for the kind words
welcome i happy	thank you for the kind words
welcome i to	thank you for the kind words
welcome i help	thank you for the kind words
welcome am happy	thank you for the kind words
welcome am to	thank you for the kind words
welcome am help	thank you for the kind words
welcome happy to	thank you for the kind words
welcome happy help	thank you for the kind words
welcome to help	thank you for the kind words
i am happy	thank you for the kind words
i am to	thank you for the kind words
i am help	thank you for the kind words
i happy to	thank you for the kind words
i happy help	thank you for the kind words
i to help	thank you for the kind words
am happy to	thank you for the kind words
am happy help	thank you for the kind words
am to help	thank you for the kind words
happy to help	thank you for the kind words
